Actual_Sales,Linear_Regression,Random_Forest,Tuned_Random_Forest
563.808,234.5516077910479,297.32447999999954,255.88729865225596
36.672,62.40350442423369,77.86929133333335,84.8194183655235
37.3,72.02300165266797,32.12708000000004,52.30921480038127
212.058,452.0057799552369,578.4010629999998,420.0438594776107
171.288,595.5289185796332,464.4928474999995,460.9812371313351
99.136,27.134731173194723,40.48593000000003,35.888746175300746
340.182,246.55637990537298,333.15195000000034,272.6589733696949
17.38,180.01882306883817,181.86119999999994,137.13695608859362
22.62,-106.03722570549053,12.210731000000024,17.822834177565912
71.632,349.8547282062468,295.36331999999965,101.00555687844668
10.476,123.94719088801503,43.14878114285719,149.1304615808749
76.92,164.91314695504752,109.29565999999969,83.83582763619751
20.86,493.9362188337909,685.8446399999998,565.3349294503063
431.976,132.48769444436903,185.07283000000007,172.5525942906107
307.98,333.46254335976255,298.06869000000074,258.11356124613724
121.792,215.72019002521256,149.41630000000018,150.68459713164944
61.96,-2.953225753699371,53.42315333333327,24.845770946934923
8.8,151.95998743005612,32.87281166666661,55.955329267610814
4.536,167.89376795192584,34.730540000000026,90.5165582336494
12.864,230.8460444061102,56.37700499999991,153.12312485331276
1123.92,563.5246725236857,663.1304094999988,716.7892840515163
30.36,147.61655645169458,156.84707500000002,120.65446224161927
91.59,31.827188740969177,26.32419916666666,29.98616812129197
41.96,30.57261175312351,40.46858850000003,52.27016887395893
30.56,20.958879460768458,73.36408333333307,59.043590763241916
27.992,202.61321490737328,76.93513666666661,85.5256338002428
60.12,379.87245866624926,82.63386333333341,122.42057922422089
25.344,21.284004126896434,91.05489999999998,56.980415134704224
15.96,13.087561101084248,23.622760000000035,24.80804939975275
179.97,181.6220368434465,272.26255000000043,196.32356449309603
756.8,209.9609047644235,206.1531424999996,166.8076333133879
44.856,104.04232698840588,61.4105675,104.49146225550905
89.98,353.075928541557,245.29357000000016,248.2824479878542
12.99,6.017379197037371,37.83488904761908,31.050517485289156
7.92,29.188647714854596,17.29377000000001,40.899189848828044
17.94,20.04521535362028,36.063522999999996,29.608718379347238
1097.544,544.2908423059271,469.8859499999991,524.4926679306012
122.136,438.4808613398027,333.78327500000034,385.3893607438668
393.568,489.851972120975,455.42119999999886,537.2555183650217
56.784,188.42232697346844,111.12013999999998,91.21604419377985
23.832,-75.44362738809514,17.689360000000004,29.225696594770863
17.48,298.66293833538793,484.68538999999976,388.2868027858497
55.92,267.1713510670561,425.7078066666663,347.0679636199085
479.97,168.913832787925,141.64878833333313,176.40514535752862
88.832,243.94712733599454,332.29056999999966,249.26336858710536
3.62,-74.05076623729565,8.721189999999993,17.981066815531882
20.7,-36.04344165312614,27.46926000000003,19.133827980185924
8.56,15.31105005909194,39.780260000000034,24.80804939975275
1294.75,500.6504735512658,303.0225999999997,430.1625904962998
11.76,45.340915855207186,20.082135000000005,35.60254819384562
4548.81,599.1417250204099,602.7870899999992,593.3581221533634
31.248,332.1726381539729,53.19867833333338,114.81435299756232
138.0,335.7180228691677,200.91582857142873,251.03113105814802
971.5,213.89093783227963,77.21021333333334,118.85903815887278
19.05,23.025776882066566,26.541110000000018,52.801600425236394
13.52,90.82720819616998,109.93406999999993,148.8753072953358
259.98,150.32507348650688,80.5605616666665,96.69244417296574
61.96,-45.960427906396035,31.381900000000016,24.958649152015177
555.21,347.09087024036444,357.5969299999999,291.1842396731256
10.584,-17.19519712865167,41.186337999999985,47.302628594981286
17.12,104.55756603914506,59.41463016666669,60.8404800328228
23.85,123.99532947162061,188.82663500000018,80.66789456703849
26.032,58.3311229514793,88.10047133333333,102.26587243959106
32.064,133.28285643768868,104.88113333333317,81.09232514784307
47.94,81.8273057901456,63.980855535714355,67.27822202335939
154.9,361.4184819185625,359.39923000000005,351.70280425105045
9.344,-126.54238491031492,11.019512000000013,18.397561630664303
14.13,-14.548511046737985,14.462525000000005,28.641045398109632
207.846,502.53348425448894,396.1662524999998,394.2730830323396
90.48,324.1081204682614,384.22077333333385,264.71443926256853
2.724,-88.73921716548193,7.347807999999995,16.831767590224807
523.26,866.4349198005007,1104.3780560000023,1223.0326528950957
72.6,237.29711711058007,276.0093899999997,330.69153913172164
8.56,-35.84965190924095,31.163935000000084,18.48285390849695
3.76,149.13995060450088,59.99362638095227,94.52278140231324
595.38,264.4491639828457,167.81729000000018,131.40261859402162
1669.6,710.906144541018,867.1215850000001,788.864261649255
13.776,133.69931859862209,56.204074999999975,103.42821440635097
22.72,72.35659560146269,51.51537666666668,62.009276158399814
483.136,489.8294956449149,662.6079726666658,552.6539576069864
124.792,226.5846545739787,73.56752466666666,80.35961575699385
367.96,300.8975287408184,147.53183000000027,293.1292065489157
6.48,-53.48474654655092,35.88713999999995,22.568020787918396
61.44,277.1637368413244,583.8599550000005,328.27201194132044
49.568,64.78771380241415,49.26421999999994,146.56167844028067
604.768,346.2265938731357,582.5512600000009,481.133753851366
659.168,385.6146131042033,398.87147999999996,467.6659737816239
233.058,452.0230746565676,281.0105829999998,380.26177763558303
227.976,154.4809382285107,64.76158000000008,113.58929129913624
603.92,541.2725683528993,1140.5224025000023,769.1283609390728
2244.48,897.6181009326065,1199.9055599999974,1146.532329319113
65.17,444.27996797908463,261.3603599999992,210.9673423872774
38.88,216.0566352041942,55.79306666666661,84.75105625370081
12.39,15.533342500338222,74.53749999999998,29.98616812129197
20.736,53.34606180375613,64.22820000000009,58.31849687925715
12.84,16.199830638119693,54.522749999999945,29.47135727927084
221.55,259.3188961069782,273.36203500000045,187.48468280075926
90.882,394.8795668734265,136.92929,128.61210549433366
81.92,287.9781172021935,376.2047699999998,357.39460777313866
449.1,1143.7614837078368,751.9099900000012,875.7738994063302
67.9932,345.1529362069964,124.57905299999994,118.0264263523943
29.808,-70.43216494930675,29.386080000000007,30.02831380962121
48.712,327.0806628108344,142.70380900000004,134.95182235489713
2567.84,824.092690938553,1101.6143499999996,1137.8654999192167
2573.82,856.5206748140113,1224.301275000001,1170.8715100748354
470.376,287.9432663888606,259.3583599999999,293.5650909785372
194.848,513.5424422889073,489.09538899999893,516.9182274665607
60.312,47.82548086627503,47.743017999999964,64.00178856349626
15.232,-101.95979617979856,27.871670000000016,29.042087701392617
14.94,22.307063852589636,59.020272499999976,29.98616812129197
26.8,54.25883107782283,145.66533999999973,70.87947621205073
144.12,64.36951551953734,206.32981000000007,53.692857262676846
7.52,12.716534945981039,25.202640000000002,42.81333057852341
231.92,576.4273360786501,782.9277369999993,781.2620408456555
89.97,209.01456594063802,194.63290500000005,201.2224275340598
8.448,-51.458430494464665,52.456060000000086,25.344578671707257
863.928,620.9722690467647,681.71239,901.3130406768125
77.728,424.4434521596281,292.47212200000007,259.0524858431711
139.93,383.3331386368209,249.36765000000005,300.02549595371306
25.344,309.1402977203852,232.6090296666666,165.87629553824206
7.24,15.033864239479044,18.952750000000016,40.934315607505525
23.84,254.48703822529342,131.96801000000005,91.36378399693147
105.584,231.5711032282279,175.41562609523808,222.64973254452408
310.12,176.4652579623271,111.11216,137.15362774520906
7.98,-35.55995548413375,14.907481666666685,22.715060378720626
411.332,520.6960356127829,658.4084879999995,601.0563592201621
630.024,587.196621368445,481.8669879999995,521.2850235837368
36.624,120.47657482886825,65.61791999999993,120.97882540616736
204.95,129.76884034797877,52.17096142857135,80.32778292074485
10.56,171.24113757664236,222.71328999999986,222.24305312694102
589.9,335.217917631222,201.31089857142877,251.34699681572377
96.53,329.6406549983253,354.9808449999998,326.2991647484343
97.98,349.6419720280169,321.576090000001,237.7751052336373
7.78,172.7062045077896,98.02560499999964,107.08207137323025
5.248,-129.99363612518619,13.446010000000012,18.428269563279933
47.04,113.73817666278228,112.82161000000002,89.60131617980998
3347.37,711.903397659471,643.2293400000008,634.9476179097605
34.504,-133.98419243495255,22.07474,29.028993725619724
15.76,-95.24285424504478,27.98463999999998,18.428269563279933
13.92,151.98177886643043,440.80770000000024,189.59863322518137
33.8,232.30579980835,142.82884333333345,113.05198271883988
333.576,279.6293582127805,286.7122939999997,282.2451926283561
265.86,205.6387079503088,64.09371999999989,62.824276729909016
43.57,154.46511855602876,159.83671500000005,107.53619603155695
232.55,358.0423505963736,222.42672999999976,293.7592855588418
124.2,248.97247990235064,227.86790800000054,279.85348878937253
10.384,83.92976735140792,80.59291000000017,76.29582942171248
465.16,228.49882562217545,164.1371899999997,150.02460697617445
29.472,-43.404318853717996,21.33275000000002,47.12013589945669
71.96,394.91408183376825,347.72939999999943,370.40005396857015
1071.576,608.3800628595131,665.8478920000006,535.5845350773212
285.48,699.9992078348105,637.0681450000001,743.239498291192
86.304,120.24369363856522,85.0063900000001,59.54886960832135
11.088,184.95759416338842,130.34637249999992,123.5470511070111
29.79,46.699944976651295,20.405509999999982,29.39498475811966
124.2,44.39670612746431,120.98381500000005,96.36448037109949
58.58,117.33704863446019,86.15756333333314,102.46772080764849
12.18,290.38394439996364,120.60928000000018,150.98066869849288
16.896,51.6005994769921,116.33497533333332,58.771684491320876
859.2,301.7451356938809,245.66043000000002,400.1312017478595
74.112,399.04573946876826,304.41612999999984,380.32072626788744
29.34,56.93404363099398,35.51430333333337,51.98259568211328
49.848,148.8425056252836,128.12193999999985,110.89041974816851
86.352,-21.829693753736592,21.726869999999973,29.30188053109355
4158.912,559.3958124632481,778.6524875000001,648.4315656299331
6.464,-181.94860708401575,12.117191666666665,14.824805464284955
8.226,-29.296816119085634,17.240419999999986,24.627609709859502
64.864,209.9068080388629,432.90675500000015,316.47191658147517
74.0,133.59127843412261,24.42274999999998,60.3007420769047
520.464,397.4456590754262,146.77053999999978,251.1520774900989
1.744,66.8430923327328,45.66574999999996,71.19788037426346
9.84,172.29194439013463,1370.272081333335,418.0703377520026
123.256,172.9764783201049,34.481529999999935,61.46310805504002
200.795,498.7875605874715,188.06924600000016,157.44446009919918
88.752,119.86523462150126,649.2122000000007,153.95753653569292
22.24,116.2139823601442,57.45334999999998,52.27744609998436
79.36,100.34851394133011,54.55833999999997,36.05548226903762
5.248,-86.49093701033007,11.12564,18.397561630664303
32.432,100.68061301715034,192.11994999999985,95.59035060615231
3.318,-70.8308936701651,92.71042400000005,21.516535038867318
194.352,191.53969100219092,104.58978660714295,151.2669089356524
10.272,-25.380708300071092,53.111879999999935,47.12223943428564
11.36,287.4006335861677,92.13242249999998,143.53342471608627
7.04,87.27626769740209,42.89096333333336,35.72511379026869
479.984,2279.6030673876467,819.1818199999981,1064.1052783611103
15.552,2.029418050041386,45.779719999999976,46.98289652896191
19.76,135.69894276104787,87.21522815476183,79.2690380489551
16.821,-47.892393572066794,23.15104000000006,18.190919512916054
129.3,225.44453300968962,100.63426190476193,131.93914247537992
590.058,493.17806181413835,589.4591279999983,662.410799172461
29.372,174.5458431722891,55.8040813333333,135.61542826519425
61.02,231.38639066184987,339.19560750000005,303.9917930729351
66.03,28.658737170083896,18.77379999999999,29.3310729733603
12.48,-47.232991641240005,35.36122500000002,24.87730405812732
20.808,182.899855219041,399.7557942857149,278.6744914467831
102.3,603.4663146288735,519.8695199999989,723.8607210972128
150.408,499.5922645598812,509.2001499999996,470.69855686411245
283.92,541.5894766946126,804.1616975000001,766.4795260260147
485.94,183.34368599326945,176.33148990476184,267.37050938876905
1.64,-76.13339079479692,14.795619999999976,16.422029870628606
2803.92,571.6379891696024,457.5948374999992,655.6140142494926
128.058,452.889573686979,285.61700599999955,380.3283043432826
116.76,201.29609608976762,81.77931333333318,86.45007688823425
6.08,-27.012829155040436,34.75661999999996,18.48285390849695
159.98,151.11502688275868,157.6132199999997,126.70055853863187
64.96,174.5234285633419,57.412204999999894,103.9241302587491
470.302,671.4212078156038,678.717581999999,628.2166849932704
167.86,-21.574859781952,37.61898999999996,31.279545002620754
61.4,155.79496537483647,73.28163333333337,79.33975221853639
79.14,11.577525832828542,69.00777000000005,53.1077442036288
665.88,245.9254481912526,423.3804399999993,249.14125908067007
95.68,645.6719245829604,1370.55902,909.0687285962111
1088.792,21.021772429437988,93.75154866666642,45.66247052956429
16.56,-103.61224321565442,10.147225555555545,18.54769165743771
104.97,199.32438794672362,137.7307941666668,168.33459708920677
62.18,118.914617797559,46.504855000000006,58.83778874436385
2249.91,514.6507174091475,718.5247700000003,650.1718604324236
209.7,11.537960134517562,22.778487777777762,24.726704305864885
6.16,71.70609331095466,41.16656999999999,60.41132832486867
22.96,228.01205930063543,58.426329999999844,70.05701857384278
773.94,544.3811125430357,929.2657933333331,626.7322435298948
15.528,-42.139424927807795,15.915600000000017,29.08541228886033
556.665,578.3853175910217,601.1372279999999,726.7001650966251
7.04,174.38395400594982,49.82157321428568,102.34634212128178
10.272,-33.6195105153206,20.495869999999982,29.08541228886033
23.992,-46.92180092757508,18.263611666666687,33.58601779289187
39.264,143.63463520548157,142.28125999999992,132.2965983368495
357.93,229.18229036399998,41.72243,51.62509738056149
5.304,-25.60278367831097,18.1686,29.28960837953022
48.81,213.00900836155415,86.7689624999998,158.64136679965068
16.496,-74.97915010845281,61.48352999999997,24.985001323273778
37.2,134.25776657190409,24.009379999999933,57.31738228416777
33.36,250.6204747482593,273.00786000000005,177.43798336162945
31.104,115.18748415525351,151.2182700000002,87.8696152274319
225.576,282.53614930496724,206.37557000000015,285.3662637529603
16.74,208.84704816845442,121.58940285714276,145.45540829744033
122.97,40.71518439266947,57.02447749999997,52.676911502521186
466.32,47.214140658908036,84.01313000000009,93.49226600351432
386.34,216.9648225713072,163.234232,149.30811332874848
572.8,228.23108698277792,199.7454400000001,218.7188821211435
161.568,382.0862217031099,293.23201399999977,267.40583986534904
9.912,-41.46057383488596,26.167320000000004,29.439241631169942
9.552,-51.735762586231886,17.706540000000007,29.225696594770863
37.312,14.210992490238368,25.427895333333346,35.69383081367535
12.96,14.454165369441398,31.088920000000012,25.126278400371863
21.72,70.445531210421,42.437900000000006,60.255821378243525
116.832,187.08273759095573,167.27616500000005,170.81308061055302
241.96,174.63466353276226,103.57776333333335,108.183614539894
8.69,68.25832986156001,627.1097566666671,451.88589447267447
15.984,-88.2764938704604,24.082460000000005,24.574486352622344
20.62,9.497668072742272,44.378456666666644,24.764425853047058
6.68,-26.284971938099716,19.733449999999973,18.54013775389293
22.5,182.21691661066234,40.163349999999944,63.966543504139
41.4,36.63319489249989,27.594779999999997,36.5504405887923
4.836,-49.372841666553995,70.86893000000009,44.624092039341406
13.272,239.9720121746841,290.26897,175.17281232134607
399.95,334.3163370849952,431.5394899999995,363.4447199153802
142.8,114.918203925959,72.50198999999988,98.35776653668961
12.536,-144.67673231875142,15.834486666666686,25.44748754934609
19.44,16.75216076776178,102.29773000000014,53.30205179539815
772.68,308.783626469879,185.34026999999992,222.04323726669446
3.424,-147.72082676418313,11.17244999999998,16.37141357930234
31.008,-136.83039227979134,21.592260000000007,22.763960251406456
2.624,-153.13780959557653,9.477750000000016,16.654372857973236
39.92,231.3593734185606,246.27844333333374,154.59612386342124
49.632,250.16012238564326,208.56365250000002,212.37782373688452
99.28,139.56594824634112,111.43566999999999,102.11498642903064
1126.02,237.72713826757627,168.78916999999998,246.55656542405697
5.344,-20.257150537148846,71.20908999999988,76.05803943259296
6.316,-144.04932006613035,17.143230000000045,18.011141184417124
143.952,185.46799222692744,241.27849499999996,232.7436452235446
801.6,599.9269444105385,372.15232499999996,527.1910476057004
199.96,229.67042608049906,214.1340999999998,205.3600179669489
7.98,62.38549363804668,58.20273000000004,51.41745961660641
17.34,17.98485339261424,43.00596999999998,53.232433126344006
646.74,354.08550242308365,532.5074499999993,396.25210593356684
41.86,233.6422443907527,86.93203000000001,62.26698581912191
47.984,84.13015868354796,239.23673999999951,119.15874376386817
158.368,428.600173909389,369.6177699999995,355.78619801454107
11.96,-36.252977172729516,20.186319999999988,25.069202993801085
50.12,371.2846049297268,305.9161300000002,371.6755641112702
29.46,207.9652760932904,46.28795999999993,61.472089891887244
249.95,303.84362959051396,274.70223999999973,335.3114504050384
191.96,476.11897094963433,318.38554999999957,289.88898702628546
18.264,-83.44080634893999,21.265661000000012,21.47178577348569
23.952,162.46568848877632,70.99300666666662,98.74143775966739
11.808,245.04067537230094,176.96004999999994,203.29558826703516
496.86,493.4361135958443,421.4715075000002,502.7750511736603
359.98,328.5109764310532,284.2516366666672,247.43603958864293
50.94,51.897249090595324,41.15464999999999,53.359846982266575
619.95,339.0229575988028,418.77634999999987,385.8696809095849
318.08,162.29620402116643,92.37536666666664,85.8128314487656
279.96,426.729996535425,858.5874183333326,623.0711740597984
31.44,227.3855487582814,204.84428000000028,185.22055015599003
362.92,211.85478689388492,132.54312999999996,112.27547135010917
167.968,391.47255017331463,392.8534100000002,436.7258035509619
10.608,119.6542318398765,54.18428999999996,59.60990102587657
480.96,547.458891643842,371.65475250000026,402.62766834652996
4.768,121.62430673315248,183.8488833333335,139.8378270875582
2.78,-106.56642242965563,9.25991999999999,16.45971145928109
10.56,-35.16361033411886,53.44421999999989,24.958649152015177
3.304,-156.50048370706236,25.544199999999954,16.412668316434125
10.272,-27.33184399912716,26.52103999999999,46.335242977097785
20.16,454.3733763300406,154.38308833333343,186.04612778372905
17.616,23.61916545868644,108.09877999999989,103.41955198064105
974.988,661.4424531534619,565.9112664999993,542.0975052527565
16.0,94.58682136357129,82.81601000000019,62.338158342294385
705.544,526.0262336290211,551.82349,592.6789503949811
8.72,81.72854876028396,129.17893833333324,81.84561994580042
95.92,266.91788295688957,198.7618899999998,88.45422567487802
18.84,106.46457223218795,72.24902000000004,75.74741741302171
87.92,285.4810956389756,248.57929499999966,295.153234810108
5.76,-62.61329606919571,16.379081666666703,18.663312724665392
11.68,-61.58534450693833,14.024777619047631,18.45214597588132
40.88,261.2975173537902,53.18704999999997,62.090352354646086
12.032,194.86905090593245,53.53585999999999,64.34465877004396
345.0,280.91300719091987,250.11040999999997,322.7751906957879
109.92,-50.86743975234367,20.597580000000022,24.86218205262771
7.712,-6.92994983636936,54.321296666666605,53.1093086369188
4.896,-0.8655576791998101,34.878360000000015,48.78788398721609
25.98,-113.38988063939769,9.378190000000004,16.742670737951983
52.272,581.7714672615266,101.75132900000006,154.41003779301235
12.84,65.23133057717769,34.31459000000005,53.73798957270852
33.04,504.9720286143156,176.92694000000006,179.20716844221556
141.96,477.86941485310354,412.6187916666671,299.7255235792292
333.999,469.50812172784345,435.4553100000001,391.9101806707614
122.382,252.82999601967776,165.89060999999973,272.5596887732138
45.528,-11.654168401253628,19.374375714285755,46.22184929531947
123.088,193.37882427016757,126.8834200000001,90.2984813907737
5.48,-30.232077547684185,16.06192999999999,18.542718179424845
58.08,156.01120529989885,319.7612033333335,197.95388758177106
572.58,386.22758022230573,286.27357000000063,400.85207042008625
0.984,-90.74481989199649,24.034174999999973,15.890252168920558
20.97,204.8480220401907,177.1371400000002,150.01724957226565
36.4,178.93934226237252,152.61482500000014,151.96335783678444
44.4,-12.604105583609453,21.83275999999998,30.12352922136837
16.56,48.61390054183494,44.990441666666676,35.67873213016831
348.84,362.6725643774189,154.17986999999997,105.66580610539467
192.16,74.8969929011837,41.71556000000006,60.688819289437625
102.93,217.25997845475376,328.25983999999977,187.66783763066053
1.584,77.31623335719132,114.78360666666661,103.23382073422076
9.328,-188.86164150277864,8.507700000000007,16.409095167954824
226.2,480.4718508118772,471.33707666666646,539.9949842798617
16.38,351.7226568005967,63.62331999999999,78.66689167582442
46.2,52.93165078711763,40.824845,35.964474358295064
39.92,158.5231140965925,79.6986633333333,72.80701660120589
5.56,-34.398821646154374,32.91489666666671,18.45214597588132
12.144,115.36897145275725,35.490260000000006,101.82714317060932
2249.91,526.9264270448784,1004.7567300000014,745.6234040226766
13.11,258.0157675622145,288.0560500000002,266.36027256224855
523.48,327.2310991789027,414.18903999999986,301.362292518639
7.3,174.10995131964182,88.89327999999998,64.26951939864496
156.3728,404.72612212744525,216.35497200000023,249.1265883863247
105.52,73.30752082462641,56.997323333333455,62.351861052099345
108.784,260.16878544013116,150.79172999999992,215.8806637791304
71.952,446.2851926149401,249.64567333333318,392.8466574978842
154.9,125.74552196834975,56.12717166666657,79.44117020647829
2399.96,2425.1477550896643,3260.9069199999976,3110.947807134145
187.76,168.13239534769082,90.2989976785714,100.32222312898662
41.24,88.65899109621387,135.02897666666655,84.13428872117896
15.28,-32.07206371384564,53.60274666666658,31.255552875930434
47.96,55.212974251974174,19.980455000000028,56.33670269631414
19.92,68.53895059412662,48.060527142857175,60.828782286073064
323.1,169.33007318560067,208.7832039999996,163.67720078171862
20.56,-43.79442685191225,31.33567999999998,24.86218205262771
126.3,128.77875304167355,92.55537821428567,90.09021442427786
21.12,97.26530162609106,108.69047999999994,81.13438638509274
30.44,155.54747836231036,144.66727000000003,189.4021034465835
5.16,-64.12574180666024,10.846503333333315,18.45214597588132
43.68,201.60223808843602,65.12453666666651,80.78936590497216
15.24,80.80980061292257,76.93135999999997,73.94899626330849
389.056,233.27075552432098,538.1594899999997,329.17424809507946
97.82,-32.04656216229159,41.2727383333334,24.819110805053306
2.97,149.02078382935906,108.35646499999993,92.41836655672414
180.98,450.62568025333894,101.287936,114.63741408498949
100.0,220.0618755628734,230.0934449999999,204.15744502539422
575.92,251.26093169061505,206.25628999999964,223.10000822471
2.032,-179.3316641501351,18.384543333333344,20.988075173630303
269.9,360.83803938523033,150.8685400000001,215.21755034997543
17.94,60.006214627856025,86.77461000000005,57.155520712342856
71.984,255.7123933813782,222.42308000000006,227.74988762570473
154.9,333.64249725908985,458.11564000000004,548.9335670022048
26.4,173.06844485447255,120.24727625000001,80.51755106783514
27.696,155.91447379026658,274.93624000000005,183.83447149193623
117.144,443.0230945201047,349.96183047618996,206.21536108650503
15.552,-0.4981683230971612,43.09229999999993,45.883913839672566
63.552,34.10412274218697,107.4689399999997,79.83679681390332
29.95,95.80565649597656,43.34650940476186,56.96222077419459
35.04,385.02066753076724,470.0376266666667,552.5552629094059
171.96,605.0295801055167,439.0596820000001,379.95962791143415
58.248,368.94364677048543,177.92852000000005,198.98737552793187
34.248,110.36791907329643,138.0172912380952,99.9467493345784
245.94,206.23689667543113,75.16026999999988,82.13619108674206
61.04,269.627048868585,38.087289999999946,114.13709669584378
6.0,-94.29779169956782,10.619923999999983,19.018206912958245
18.176,-75.07278702679741,56.7795,49.394025831500855
68.81,114.67581528380151,139.77141500000025,147.6576915192362
8.016,-18.89584247814264,13.134807499999981,29.149324073619688
43.56,155.79805704611636,42.19165,116.19539187740365
321.568,379.335818730488,331.2000295238094,261.10892167967484
25.92,105.9908501941618,45.55017999999999,60.97081395110733
108.72,71.78754956469129,132.24201000000005,73.92793192141359
91.96,390.596331588486,345.90966499999956,393.2794411151552
34.08,174.6432670086224,118.46184000000002,82.25133353244426
67.8,439.8441434012002,740.9186338095247,546.0832166172239
302.94,537.6440233026128,331.1814950000007,460.9218806710411
4.896,-18.182535181377716,25.43775750000002,22.071218777148147
241.568,424.4434521596281,292.47212200000007,259.0524858431711
1218.735,708.5898542228656,656.6789154999994,697.2372275373401
197.05,231.8695754179621,62.56572000000006,62.54260146334509
349.95,281.6581591091908,519.2452566666666,393.16522751253893
45.248,124.10721612934958,227.00250666666656,193.98534154205336
51.8,276.5120051902568,276.86185666666637,247.12156818785223
2519.958,1472.1821839145823,4618.787379000007,2472.318184990746
47.984,72.86477166642862,80.78204000000005,82.32006992416945
5.432,-45.644553219960926,64.12373333333333,80.88128794858343
140.736,-3.016284074201849,23.081319999999995,35.83673105306572
34.236,29.620328048616102,896.4181099999993,157.43071721406852
140.736,559.1952209330848,881.8909799999979,712.722161287669
31.44,-5.213181346305191,28.353152500000036,29.47135727927084
134.85,403.29054099269615,380.66495000000066,306.301491878645
31.128,121.49926178082023,80.15995999999984,111.10982853316675
95.2,232.4146340832599,162.7765561904763,144.2086772050599
25.472,103.40310692330877,84.65864333333339,90.78131930081396
29.6,-63.15327241713203,11.125813333333308,18.663312724665392
179.9,99.0293559298766,36.58043249999994,56.14302695991851
25.584,97.7437481030629,55.23451600000009,99.7510395864856
21.93,69.8659891641737,44.674597499999976,52.6819847654483
10.78,71.39267273471796,28.39729600000001,144.2696159510794
7.36,160.05744376206667,76.31938000000004,59.37433806507845
51.84,372.96391199412756,111.38262999999993,115.18170215297582
24.1,314.5725065245442,77.22080999999999,132.60028653006907
8.784,-146.52136321835314,26.11931666666667,27.925748684944733
37.32,225.83594779171472,242.88656250000014,219.9567086452019
40.98,72.209686314377,367.21126749999974,191.1651621407322
286.86,476.4263009739184,148.10235000000014,317.9770218175802
881.93,601.7759626556212,561.1412799999983,536.6862228626558
62.31,209.602211964022,445.44527999999997,258.14498681895316
127.104,205.4716406922348,83.46164499999995,101.0464159222889
23.67,229.29212937457578,262.2917700000005,173.49940112069078
35.97,33.40463072650027,16.113200000000013,29.3310729733603
161.94,276.10986518062236,386.0800042857138,243.13687038958517
51.45,218.4953118022986,232.11597083333328,234.95025077120854
32.4,163.2964436786042,127.0597329166667,84.9495492417989
10.688,-84.38710909591464,24.592360000000035,24.437538032013652
3.564,-38.529535082333496,47.57551249999996,18.712653081296455
5.58,-44.09266744054912,16.368269999999985,28.61572422163904
799.92,505.9547051295831,366.4930799999999,429.42809086177783
4.92,26.22006076444586,34.72530999999999,29.47135727927084
10.98,120.63449689110848,237.0956583333328,176.87189520454808
11.76,13.605060972960928,41.637223333333374,25.44985897235155
35.0,163.65352681287777,104.28683333333329,89.39246915240334
1.788,-31.733237321422166,12.079430000000004,17.64539301194367
21.93,25.46914643391119,20.377660000000013,30.12352922136837
35.36,57.51995383075473,67.74817666666668,82.52732566853074
219.075,539.8408963305005,302.2992394999999,388.15733504815523
9.708,-79.68441215291568,27.743739999999956,30.285165776158514
130.71,230.4035748198885,170.16149999999973,192.36144190061216
2575.944,494.63319549237576,227.1343000000001,477.108450686964
98.112,414.38591741022856,186.53927000000013,209.92514441712984
14.368,-44.408909619811766,22.381886666666688,50.16718164544806
3.882,-37.77437128676593,30.712441666666617,27.508810940628305
39.128,71.89193131968659,101.04974500000012,106.1812873691712
2735.952,492.0581628623336,636.954763333334,528.9665667533701
5.584,-126.3934575030421,25.592972000000017,26.37776310197232
1.524,-87.82836325033259,11.365624999999984,23.043469271568956
892.224,434.0739547318017,182.0857950000004,389.63286672758267
2054.272,699.1590663179732,939.8158199999993,907.5615625239996
7.56,30.493255926965958,44.05299750000002,29.54754121559353
14.07,199.12081278131973,19.643500000000003,43.821721176901605
254.352,52.64851812423285,97.00649999999995,76.86826559589545
31.86,119.54314295853692,102.534163333333,115.33782274223358
51.016,212.39849681004034,85.34699999999994,88.32977863246593
275.058,452.0057799552369,578.4010629999998,420.0438594776107
723.92,583.889305074847,935.1439599999999,803.1043551589187
38.34,83.25424811877747,131.46686000000008,54.60643025254214
131.94,44.49375071997429,32.72728000000005,29.684902315669923
12.832,63.720823439863125,41.70830666666668,94.55206537562947
957.5775,637.2635407460925,679.1143119999994,704.5020753925841
31.168,90.10989211035485,128.6227666666665,95.68590956196587
542.94,539.6271495530668,563.0429920000005,491.4994044073009
895.92,226.2639829016507,205.17131333333325,160.73811868653559
8.856,293.9971106937237,42.351092500000014,89.54592576319881
32.48,221.30504929264953,128.37782000000007,137.12093918513088
35.4,102.48553751273766,23.902779999999964,56.14302695991851
18.496,227.53073652222884,57.435169999999964,83.89242946787978
148.02,79.05442634146311,68.0414991666667,74.48672992599802
7.89,146.9627093207646,38.23523999999997,41.6781509916642
242.352,488.3353192568561,335.4126719999998,365.2098253014655
15.552,-48.928052879785355,46.58277999999998,46.39754973307864
15.936,26.102049440972223,14.838340000000006,36.41045015755911
152.91,227.26114361287136,288.95074000000005,186.15678261647645
15.8,42.68546717153458,16.147629999999992,32.41012625557168
203.976,286.0367857051665,164.70554333333334,302.3180783186535
37.408,189.27133110452542,145.94246666666677,92.94636003265437
503.96,389.84599789548565,555.3679633333343,476.19158941222327
116.4,497.6137758313653,298.58111999999954,174.34350200406513
20.736,28.80783701254495,50.97294333333334,57.18254571484251
12.294,-132.9055367118408,8.423099499999992,31.063263487535394
226.56,389.45127965620577,368.1663799999999,489.4694604739961
268.935,535.1663666335139,368.7985255000001,412.2200526024441
30.48,27.452753389298323,16.72139000000002,29.684902315669923
99.87,227.88565399622712,186.5037675000005,197.7184620576222
147.184,136.03402687196922,76.85899333333316,100.00572812881848
11.52,48.11379530388922,55.025761666666696,35.67873213016831
83.36,153.98230801941372,29.101694999999953,41.28347876305196
1799.994,1088.8624758122105,307.6240899999997,329.3549508555283
22.848,-71.08828497038348,50.118279999999984,40.82262131818594
182.72,287.9770551285774,192.17637,130.29088691002522
15.232,37.060128336047455,37.288379999999975,57.03934934420177
71.976,279.6293582127805,286.7122939999997,282.2451926283561
4.36,172.7381652765548,591.6101199999995,279.1422189946662
8.856,-27.086285395752384,13.85800499999999,29.679470714781342
214.7,220.41456024203626,231.5377300000001,148.92831691219942
221.024,142.23568105946197,59.45840800000003,101.19787129238999
17.12,79.62358304879899,31.983883333333353,35.72993464937855
254.24,382.1942863474578,328.8694599999996,308.6157546422235
119.04,182.49453447991846,49.64218000000002,60.0578926540306
85.056,-19.250085107893028,26.536160000000013,46.13084511378037
40.776,-52.34710279359888,28.22419000000002,29.225696594770863
105.52,56.44860651579438,93.96014000000002,81.56373621505345
122.352,426.5325050526194,406.9013674999995,392.8128774609049
50.0,121.63272027304038,237.70745666666696,136.44279767611613
19.05,346.6795878389876,1154.6026100000004,727.3122198249314
220.776,198.28890636652523,365.16979000000026,274.8728128943267
37.764,142.9496651273139,596.7717524999994,209.72840721010797
31.104,135.73409737469046,84.57249999999989,84.75531461506813
27.936,181.98868358917207,229.50175,199.00928757732606
11.232,240.1552090709165,359.63527,174.28108563250936
11.84,-144.03690483327682,13.762429999999984,16.483826068645552
8.67,-6.879879959979007,22.560132500000005,29.98616812129197
8.62,125.08595858187209,112.46397333333329,121.5607350212616
9.24,81.8273057901456,63.980855535714355,67.27822202335939
38.6,160.16207162390128,107.20497999999976,101.49701610497331
45.36,268.81164495505436,91.33501333333335,90.85483866934115
383.64,240.6247821714087,242.92919999999984,238.59172591248733
54.528,37.87721266676135,117.46939142857153,89.25829294817694
43.176,288.3541149986645,331.96853999999956,324.04159102373353
319.984,84.59557458623249,60.00363000000004,70.6217097887786
63.68,385.3024558413722,105.97371999999994,194.27325368127978
3.52,-10.605648507792012,22.77897000000003,18.528609554095468
19.98,-101.14918369490351,19.03511,23.007751319972858
440.91,728.2437465381727,1419.5671050000049,1032.5995243531572
727.296,483.6950893624071,491.73161999999974,471.25613489596407
10.56,11.904353926983276,30.53069666666668,24.74930384754745
21.248,93.22281133312799,73.18338000000001,86.6839566304393
7.31,-95.66118265633759,4.900679999999998,16.55422434485069
29.8,263.8596061572862,99.4841133333333,158.46110884994286
21.12,65.67223080995427,36.60083000000005,61.892069836621005
88.04,38.484006039872384,49.65192000000001,57.09147713988986
431.136,476.21044434008763,518.8768199999998,377.81917640575796
129.3,208.39860531102386,260.025757333333,170.01116767032482
3.76,-27.357144340804098,15.322200000000008,18.922661231401854
17.34,62.77535947020897,58.627090000000145,54.198413709041354
6.48,-57.91891353598385,39.024029999999875,22.73765992040319
1679.96,391.5295105055566,292.0963149999996,435.4806388300188
7.27,104.37744185463316,321.9777999999999,214.6072139271488
12.96,-10.45553505636326,66.91333999999982,25.487580519533722
25.92,93.58248193862528,60.894010000000065,60.465336489968465
106.32,66.54844939478335,33.67454000000006,53.73798957270852
194.32,303.15713277556597,256.3008500000001,265.4545353729166
1297.368,535.9499938753215,427.9779200000004,410.6923146508032
12.224,-64.49768224603577,36.68222,30.63269006649736
65.79,339.1649690135173,245.69961000000058,109.68568471230682
219.84,120.78154979016108,41.10837000000006,61.33834655874959
63.936,576.1247806753495,908.0175799999988,716.3773659297628
839.43,278.8697259274554,802.5426449999998,353.09345332737104
20.736,23.083611388914505,72.79170400000012,58.211101387713526
39.296,246.9783235735904,238.3010046428569,221.22964394137384
2.304,-167.61794531077157,4.528609999999993,16.243626484064386
10.688,-78.25626374413514,13.414289999999967,24.574486352622344
528.43,555.470676959792,596.9369349999976,579.4993072909633
468.9,368.2356019256881,419.4430499999998,372.91166577243416
11.264,233.42134504569412,85.16400999999998,80.17271801025463
1.44,11.04978827699233,167.39859166666653,111.73267868763423
53.2,184.61901280324128,118.80879500000013,115.86341611479872
9.48,4.110998778766771,22.692029999999964,26.783710369919213
5.5,298.38727799099524,91.7388983333333,93.51392424137411
17.856,29.0413117894891,74.54049,35.80193995239053
22638.48,1371.5658947172597,2338.853479999999,2412.4005655403253
797.944,501.9433551746529,660.7080220000005,552.4084448345559
79.4,262.898155904536,269.33424333333335,267.0001411503789
12.96,11.537960134517562,22.778487777777762,24.726704305864885
171.04,326.6419594724166,356.7565599999998,332.2639351304722
147.568,-5.045945628735353,31.838699999999964,45.15652883661194
150.384,277.88873379632923,113.63432400000002,211.69958924149796
7.104,-141.2137007667261,15.321389999999997,18.37933885592027
5.193,-23.938429264203478,50.09593000000001,26.31185322125897
74.352,-51.928484109437704,48.590299999999964,46.98204918641948
70.368,-80.97473636305176,12.101226666666669,18.44331727626282
9.088,211.28779330265843,133.79416000000003,134.6745605509529
2793.528,441.45609891960703,331.18951499999923,163.60247640345528
26.72,13.635374510379279,17.15083333333331,24.603866832593777
58.48,255.82074887969338,330.7057999999992,106.69757346162437
261.96,485.6321328083968,339.0540679999999,282.7404928188555
203.92,310.1810825828711,258.61993,214.2088680087309
58.112,100.10919601966225,59.50503999999998,68.80134641185701
6.79,100.28847615687164,55.97589999999992,72.2308585273965
1432.0,392.7353943537414,140.4233799999996,446.92363178059554
122.352,425.3494197726973,453.1430654999997,413.2548866241088
129.93,113.98840511783692,50.54712833333338,71.23675122675427
85.246,381.6105455929355,149.6717699999995,251.0578895866259
747.558,451.7061663148543,290.2162649999998,384.7866073146088
22.608,-70.90508807415108,49.98390999999996,39.54787202272473
479.976,2376.997376871266,1342.0559166666637,1373.8075988968246
81.96,206.8982895971858,133.19896999999997,134.12813274668488
517.405,714.608311514126,524.9688999999995,615.9950250225861
307.776,164.00868356136652,110.21443000000018,90.87209281487777
18.288,277.89025250586747,78.05413999999999,153.48941367907273
78.304,-69.620985413173,62.60974000000003,25.50774425480255
75.0,194.51088357215167,153.5207300000001,151.04975545618498
173.94,553.4755565564656,585.2840060000008,459.52979318468783
415.968,337.18024477276776,657.3014293333326,510.7702403894314
7.92,421.39482608431354,1040.3168899999996,686.5347625047423
0.836,-144.8663336457903,24.087571666666637,16.746692675404294
99.54,121.92715213869405,117.67885999999986,120.41867955627664
1.192,-90.22223817799022,10.773930000000002,18.150244254117435
47.3,-57.01771747876455,13.955869999999987,18.922661231401854
3.488,-119.5643742989896,7.628569999999986,17.888354597467185
11.52,226.38523008119046,58.2666766666666,138.26292234887717
33.282,-16.642348357549054,10.084172499999996,24.588262739863318
9.344,-76.33514740806595,10.03827000000001,18.53130905427443
20.7,-24.817327678616493,15.9839633333333,18.65235755058661
74.352,-26.197721879730125,55.99994999999997,46.98204918641948
47.976,155.79805704611636,42.19165,116.19539187740365
6.56,-58.7629796075048,15.328930000000044,18.48285390849695
735.98,167.29089201067382,29.535900666666652,120.74376601420772
18.92,160.41219981353242,91.5313416666665,90.20837315073888
159.98,115.90869484743371,61.474549999999816,104.81832142703165
532.72,1229.8660755647861,2424.834209999998,1709.0667919755767
40.74,278.94977618812663,225.14881571428566,201.9363306134366
81.96,223.68097013894703,225.98540999999986,160.05442743231902
7.64,-78.26393128429754,15.15009000000001,26.31151372028681
254.352,354.33800928702294,714.40867,578.6130539461886
87.168,128.05352745493656,125.54829000000001,122.47774456565713
801.568,426.30581055727544,315.0011893333333,262.0903440519698
361.376,253.2118671916478,131.45520333333354,223.24540186650302
79.9,116.99806168604482,84.14298999999994,123.16930483305374
30.144,106.52115545233164,46.91645999999999,78.36044258122311
59.94,50.21781438169455,80.13393000000013,54.36126768534186
14.78,351.5531363516584,262.0310640000004,258.5907801398149
174.95,125.05948039322766,63.29914999999997,58.966237831640726
43.28,94.18729182240986,68.01027749999997,65.4408628256431
124.41,107.03641723734336,64.40455261904752,76.90906836093517
540.048,211.0366594398347,214.22405750000019,176.68851369003625
144.784,316.806426952563,190.3434525,136.91712683017226
89.97,172.7981576819202,124.82022000000012,190.2968662930044
99.136,4.704011392556367,29.269323333333332,36.03439426710081
11.52,55.382210821162516,34.63421333333329,36.936200410899644
12.192,-14.271111335134265,18.739440000000037,45.636502499436205
5.46,25.54168899825663,24.36091500000002,29.54754121559353
139.92,32.72092721993522,84.63424499999978,105.12397789208099
38.88,186.1410035086119,94.00641999999999,82.34103861238222
756.8,207.11721648002867,126.82620000000017,130.18486049043315
91.36,65.67223080995427,36.60083000000005,61.892069836621005
10.43,181.502761420772,374.1463416666668,269.9723232511996
52.96,53.2140655191688,93.21256166666653,68.21844795270728
238.896,264.25458447965,234.6686699999999,296.3337271749922
29.9,116.15458824425787,51.252167499999935,79.26239312236493
21.88,156.457730314552,124.8187300000001,138.64898772536867
625.99,281.7299691541152,95.40991000000002,120.93775785523097
23.16,86.7878593117448,65.64900124999998,105.63321278058292
30.672,-6.317229845854854,71.77933999999992,51.8158329687828
279.86,792.9888178725882,652.45726,784.1399372884894
7.56,151.3223003271587,28.157900000000005,42.51206338321979
10.08,336.4857044264845,60.96090000000002,166.35693342589494
8.36,26.24967973311186,40.50344999999995,59.333529976743094
2624.985,1203.8333042050485,795.5192874999999,729.3402373721106
47.36,26.21328441039259,26.479673333333345,36.58436036698835
7.872,-40.054098456537304,15.10649,29.30188053109355
74.416,163.28270206843627,50.92073066666664,107.80511378260402
16.14,220.71190919438232,128.71393833333323,165.29307296336978
599.9,578.4262676948256,634.2850500000003,596.09726779345
1499.95,2507.541522706664,6067.749459999993,5319.27909141178
63.312,-11.694039511244227,22.626510000000007,46.700493626848
19.44,18.168050288846644,29.769219999999976,52.664142674550504
33.75,314.08979592052947,192.07260999999988,167.5839601284711
397.6,202.53597209481495,131.7753866666667,120.19922569919989
18.504,118.5481158038956,2098.304939999998,178.74889668386547
43.92,71.72066948000884,41.54782333333329,70.55627040127975
14.94,12.300699076998171,80.25517500000008,53.52598058944798
73.98,331.78396111768143,182.45801714285707,244.24712476437534
8.288,69.12794052375648,50.30491333333337,97.32676306049093
17.024,-10.113677894854845,36.67714666666668,46.940158436691384
81.088,332.71261450191014,1685.6114049999999,179.5031986994595
73.536,241.99126146697154,491.87863999999996,298.6832290594705
30.53,-86.91339437067654,11.176939999999988,16.55422434485069
165.6,100.18370245997357,114.39246999999999,157.14208199931412
122.97,11.228748833897043,42.294429999999956,52.6819847654483
22.83,15.8681156292796,31.537669999999935,52.003763990032205
177.536,30.58050598533555,25.701693333333292,56.02683429135302
38.976,190.27185743731297,278.01520999999997,195.45151134276236
6.912,-44.761299607878755,17.576397999999994,29.81683181485773
11.84,64.6514831395989,98.92452999999983,96.88464251425408
1403.92,540.1337160635362,561.6241983333337,729.2607193014928
9.32,70.12095305977391,28.241360000000007,35.96274581378524
220.704,205.2434093865072,228.41834000000003,197.5500102629282
16.52,24.775010870925144,72.96804499999995,61.71886799970042
438.336,395.38413544874084,558.667586,451.67035902663645
29.7,346.6795878389876,1154.6026100000004,727.3122198249314
4.095,-30.25247151221629,13.58729499999999,23.44623197200203
6.6,27.042004712094695,17.427092499999983,29.54754121559353
1088.76,426.1406327040395,827.3987299999993,708.790695236036
3499.93,590.8495625869173,793.966489999998,605.8609348307286
273.06,503.36018291563823,339.41498866666706,266.90775919581296
35.52,-28.586601109590447,13.164184999999993,29.679470714781342
18.936,-84.63586423380002,15.562110000000008,28.37763927332136
309.456,508.8087161576491,284.7042800000001,264.6945098971553
64.96,27.183210322345076,109.33309714285706,74.29476718200887
12.96,-36.43617406896283,40.495375000000024,24.87730405812732
190.92,26.741742971283657,85.89975500000003,93.1760778951319
51.45,260.136109884661,321.5777650000004,258.70905327199296
140.97,175.5043572439431,145.93182999999996,193.24503016585584
8.832,152.56606230698844,76.42718,76.31251673801523
6.368,-101.57641136857183,21.046131904761914,24.649643010520425
10.428,40.71273057764574,78.76020771428568,69.95993614175417
179.94,251.14727494297722,228.39745000000025,220.29294542582048
59.96,439.7538731640916,390.99258399999997,433.08105865418474
71.98,118.92652071101747,111.30768999999971,133.032407060279
37.68,162.37922310217618,217.63299999999998,165.96456069697956
7.3,136.6528699448777,18.438149999999997,41.47008694897634
61.96,204.36719859753566,67.63898000000007,94.6664303954879
9.656,-68.82139598181311,26.464869999999983,33.79342236370684
53.568,170.03046155448828,55.35472000000005,135.6924923541699
168.624,484.63091305840044,532.8395599999994,492.6963988738332
14.48,65.48545041287798,466.6036900000002,397.7842592706145
33.02,158.6372661527057,90.30609999999999,144.74987749431887
59.7,224.62197560967024,65.05981499999996,184.04713185185005
643.136,509.65303555278297,765.5790260000003,552.5590847083441
48.848,-76.25140211827056,16.484149999999957,18.54769165743771
60.72,113.94385003507523,128.773029177489,91.674658605153
41.424,80.9333867669643,59.43250999999999,93.25889062630779
256.784,327.78644142107305,153.27920166666664,132.7785062720134
5.04,-17.871778056896346,44.100630000000045,29.749350077662495
41.4,99.90509380977164,34.37962999999995,36.32890632427836
271.9,327.57744584182,290.5923400000004,258.0971943204309
38.88,182.93988048337178,49.00938333333325,83.51956747744927
18.16,228.33626551482394,278.5969149999999,160.71670832189068
122.328,161.66535615807743,112.97736999999998,153.35271434076333
45.0,208.1210067268189,198.60375500000023,161.41522731594748
117.96,212.35489213183064,172.06083999999998,119.18996793074946
12.96,-35.32472862364921,101.43030666666668,25.688413024717327
13.208,14.439289973193809,19.782883333333338,87.54113244823358
211.04,289.8834355468489,71.31114499999998,108.48002772239208
211.168,339.9976793042115,588.504040000001,458.9937026105256
75.04,323.0940306031607,93.63133000000009,97.70708194538871
172.764,450.3233812195558,230.8758960000001,275.5601783213587
6.23,68.3028849443217,55.31216166666662,129.32213306198776
348.56,522.1749821347184,529.9655899999995,502.8508966859918
772.68,281.66345063163953,601.5723000000002,476.31460672511025
15.14,142.5556025147398,62.20602750000005,67.05108219149116
317.058,451.5229694186214,438.4185709999996,386.35762243667625
51.968,-9.31914079125545,55.93324000000001,53.581779340464664
18.24,2.3986459484476654,12.97999,28.503684298033235
5.888,119.80387538848527,27.36534000000007,98.00246733734933
23.128,166.22923288040738,35.63747000000005,61.850459997657936
40.08,182.18964705579492,56.48918999999997,82.42820891522608
319.968,205.2452925096636,413.8036500000001,293.12227367071324
1793.98,162.7007885064395,63.44890038095234,108.19921654432676
1704.89,1819.2637926482812,1922.3682149999988,2150.2824417386373
63.84,535.312260432871,520.4811999999997,502.3434412606078
968.744,363.8289482709479,279.1840999999998,168.3644606741376
141.96,465.4199228300272,264.83036999999956,293.2473262376717
51.52,284.7363260705829,90.10789333333331,127.45758677620935
10.68,165.6813546087119,118.66487666666663,110.7363452852033
40.41,539.8732782980733,331.6792099999999,191.00117805917776
32.4,122.77205098950435,135.7943366666668,82.79044571704726
32.4,175.43032923073224,226.23635999999996,166.38508357672575
64.704,294.14763976657196,482.76159,383.10638127640624
7.78,-50.28362352131171,16.547720000000048,22.92176668899135
359.772,397.20071266052446,230.44839999999994,250.28818975409592
46.53,263.81984324849327,272.3112200000002,265.2855322189613
45.36,244.40470422810995,212.3213899999999,101.33051243394974
126.56,339.1087037977404,413.7136399999996,438.4840325624153
21.4,110.92054640573906,25.58699,56.929936629902166
603.92,605.9669750517414,751.2089760000001,754.7158986889191
14.72,263.78832717182877,104.22682999999982,217.20164499346512
2.96,-131.8500600376874,18.136600000000016,26.275215819645773
76.58,248.31049049391459,86.38002,75.4356586587816
173.656,500.09497980175047,651.7167900000001,551.953491857074
590.352,281.50720571761667,243.2256549999999,146.2742596681242
24.3,219.59754666237677,71.3129699999999,136.8321968331132
298.116,773.0973123706931,953.8898805,818.6176088248903
17.088,192.55607207532557,231.2010319999996,133.1557952962772
9.98,71.875483271333,475.2593183333336,388.2828262862299
34.74,59.13991579546837,59.828969999999956,53.06333164807595
19.14,209.23591843697977,213.58368249999992,174.53665461367848
539.92,389.73476292606483,532.8783753333341,491.46066455699133
6.33,72.209686314377,367.21126749999974,191.1651621407322
16.23,50.119896145034545,107.24627000000004,53.49338673140929
25.488,101.04262634347197,71.2759099999999,80.07645272091592
70.98,420.74701826489354,192.56864500000003,136.197498981717
17.904,3.8895658189085225,29.831185999999917,55.04428984021597
286.93,242.12947817544955,116.14418000000012,95.62133829082073
10.36,170.29152343834994,82.04043299999987,144.69346459491348
305.01,552.8388595417036,644.0626275000001,573.1588783459429
959.984,2270.7444988908583,708.0168833333317,671.9584835079361
25.696,140.7353653456239,68.39291833333334,104.40858088409452
19.56,71.43807187737957,32.1749,35.88829042197237
14.76,53.71417075711497,48.78216166666668,61.69466046051834
296.712,690.8145653196061,1409.0375350000018,1512.7895410557164
9.96,-2.1188175401084663,29.71427000000002,25.44985897235155
307.314,608.8654585241052,517.2900480000001,451.8253804642903
38.864,64.93873166194908,86.99716999999997,102.57486210676394
23.904,120.37174260438314,66.99299999999995,63.09020486055786
258.528,198.27505691459646,341.2289766666667,227.23554133840398
71.372,380.70417545253304,224.1641766666669,252.6431482787212
14.016,-37.95983716926321,31.470173999999993,29.007318586021203
11.952,117.36470843177085,48.60586495238093,103.91919399385124
1458.65,661.8390329744284,1938.997787500002,1321.1586824113037
55.264,56.49628210239371,99.45036895238076,85.95528768663057
32.13,353.9062746486138,52.009080000000004,76.87946392933478
50.96,229.2156007476351,63.135900000000056,89.35773524369701
2.672,-149.50336148447286,10.78937666666668,16.623664925357605
5.98,126.66632455638137,28.645957999999997,33.484213414063255
199.98,105.88433577205433,109.29785000000001,112.1374711120309
1.8,67.61958281014358,535.9571108333334,188.66668218337557
15.42,146.14569574110465,50.05188999999992,44.541510241437834
358.2,253.64700959933725,176.72556,291.8227426136651
266.352,76.11265496027363,86.53211999999992,105.86900446356363
17.96,260.7902261143845,241.93053416666655,166.51838426504997
360.38,172.60305787222842,181.7955839999998,127.23587055943892
5.248,27.201611257877175,62.83037999999996,36.07447436772029
1117.92,312.856330034836,402.0488099999999,387.018695848344
302.376,287.2374877786219,207.81618499999982,298.84913901874546
1325.76,593.643889609963,897.4901449999996,854.7424215525368
79.99,86.90132107582758,123.46873333333367,90.93961781385626
34.86,-73.73323372109553,71.98983999999993,30.09168768035888
1322.93,601.6422512101403,750.3987299999981,581.4397819435087
2357.488,336.4857044264845,60.96090000000002,166.35693342589494
1439.982,1264.370797155635,707.4993610000005,793.4609835550448
23.2,46.54454763803233,66.90366666666671,71.05029094412666
5.84,-58.130324877693056,9.081300000000006,18.121151478252536
892.224,440.87473626745987,498.8856299999996,412.1016589415415
11.36,-1.7472419729137982,26.753250000000023,24.69111059447344
121.6,294.05828953360833,230.80706,151.65385078557532
109.92,-11.473140166186568,34.96103500000007,24.845770946934923
9.84,24.362965598902974,42.62310000000013,29.280705788743944
59.48,208.7475042041351,82.99054000000005,120.29332550668464
9.96,-4.770449809250749,39.659380000000006,24.83064894143531
981.372,399.3175503564589,332.1614340000002,255.49166397359087
45.84,481.3940429235827,271.0577307142854,156.68113531211054
68.52,65.5927940016536,118.17492999999976,53.30205179539815
19.312,-10.88140622178662,56.78598,53.84727220811693
562.2925,744.0511592947669,980.5341149999991,945.6884704290513
499.584,182.6721032400469,248.49449,262.590419700571
5.94,-42.30250356840497,10.025700000000022,28.478363121562648
6.03,-12.758447440017335,12.715050000000009,28.503684298033235
105.584,231.62058867897986,254.00317333333325,219.29649797590125
10.95,286.1569248569622,85.72613499999997,96.17477050481642
13.11,286.9878264787426,329.14799499999987,310.3559174199245
763.28,553.6088978214784,576.0242320833318,633.7573544106062
24.0,79.47810546262144,51.308130000000126,68.81335988569032
863.128,876.1119874574129,1002.5474835000001,994.2676947103362
10.4,345.1297866743971,58.387756666666554,173.33079676187972
241.332,568.8415592298838,789.5270039999986,627.3838802978418
43.8,591.5890371291234,791.8870599999999,700.8075023299077
19.44,53.32509707144436,55.30836750000006,52.09687170640025
82.896,123.66558492750664,206.55775166666683,152.3610674048404
199.95,328.698762723438,535.9173299999989,335.9111503715914
3.048,48.689966615388585,40.48398833333329,108.79606968954502
3357.6,1288.8106265765377,1135.0363200000002,1036.638419339219
69.008,-9.79183918515173,56.54162333333346,60.536700382822715
38.97,377.97975743916413,339.7609250000005,334.810228389369
403.56,602.4263672761276,1029.5806220000002,791.5015838460217
177.48,315.157049631076,307.43978000000004,311.48476698291864
718.64,533.0733543387078,557.4968449999998,526.1263991924161
4.77,-53.30673142504838,18.4185066666667,23.368519040900154
254.058,181.01016646160133,372.7921275000001,173.7918135046209
699.93,595.1227577494374,1713.5959799999964,912.2211462330021
14.89,8.51790538676778,28.752529999999936,31.34471455370885
85.52,205.0411944316429,167.02014000000003,129.4976593766153
563.024,550.9720418342022,148.20924500000024,157.35728738267025
18.496,1.309135980013707,73.1919200000001,56.53124112177144
23.84,203.62856005167487,288.5743900000004,206.06823933702236
5.67,-54.6169315558509,13.539900000000005,28.478363121562648
428.68,475.7164981037613,748.0883499999999,757.2854102108149
14.19,67.07913176505144,70.48429357142871,74.25795700616324
47.616,-29.326588350157635,25.222947142857166,29.426969479606615
3.96,-102.69798510866713,8.508373333333305,18.451582071052425
255.984,83.41216721410774,65.63278000000008,73.68029800376776
8.78,295.7703350571146,106.78750666666673,89.78259393513467
274.2,488.08923248647807,240.6791533333339,283.2533560276516
765.625,753.1039552561028,759.479763,820.3049925886083
177.98,111.24185877026184,90.97921999999998,116.3966498359875
7.56,154.74649135862182,27.31205999999996,40.96848517642421
17.14,63.68215518735951,106.47049999999984,68.21964826082007
13.48,116.41851963979752,43.48786333333321,73.99329084261711
11.76,-38.32536005132624,52.873193333333326,25.48139208354395
2799.96,2482.4678766023353,3964.4561099999937,3478.4214584386714
15.552,-30.015366887067103,21.052139999999998,46.40905741440393
383.96,422.2170214387029,495.71010333333385,472.67481041871247
348.488,204.19034426499638,177.44853999999995,89.90381684248469
88.96,423.2908514298583,1018.5696399999988,712.2996581104001
166.72,223.83756603377788,368.9402499999993,239.95147971457737
80.58,421.1343985498488,339.5241199999996,423.23233399498116
107.94,47.51695855631124,30.51740500000005,29.39498475811966
39.96,-35.29732177959977,20.212156666666687,24.943527146515567
18.528,124.99195644666906,28.074465000000014,99.11137418884138
75.18,206.53174053153452,58.19725999999997,63.03299210340443
61.4,122.72749590674266,51.07913166666667,78.76081847407744
31.08,182.03351034296975,101.88052000000003,85.2285997266958
39.96,438.3438276873617,764.9521185714286,602.1044931643344
39.98,60.0722130641725,66.80583666666658,61.863113448175476
71.976,278.94637817080456,259.48816000000033,322.87706994237783
11.36,-5.36439538268678,32.21884,24.83064894143531
22.911,189.0071662959681,156.25985000000006,156.26678268670014
283.14,299.8097577254798,325.43357999999984,265.9402041169385
47.98,49.628423334060244,66.45852999999994,67.24703152601656
31.776,25.379456834335997,46.80306999999997,35.876474023737416
10.496,-26.112808668698108,29.489160000000002,35.83673105306572
81.98,-35.18090503544954,14.178904999999977,24.803988799553693
12.96,-8.93274286646465,19.30817166666667,24.80804939975275
25.92,121.49684247573714,85.68215333333336,64.30638685901569
13.896,-16.91470161650068,21.366137500000033,23.344429490794365
108.96,176.62098446398568,206.2866233333337,204.6798106386751
6.24,164.06739277479755,156.71153416666692,193.40775535439118
10.528,-10.910246442034804,17.958619999999993,32.46707080615166
25.71,231.4328395054149,165.81050999999997,182.71356659431322
106.32,44.832242842364394,144.81879499999985,54.474492899515006
95.232,126.80478173867641,42.382580000000004,60.00680939391541
1684.752,593.5052477964923,758.9634474999986,794.6335888213048
29.04,25.008903132519663,85.77008166666664,52.87696242955668
629.1,198.32925340180736,66.85265333333331,82.82482374613699
171.288,589.7554077032746,304.0468359999994,467.10470844563065
9.184,101.03949433774824,60.777740000000016,84.80864332215698
3.444,-71.71986917663617,161.33141442857158,29.86747196355956
20.064,271.6659216442904,245.87265499999972,187.25226466553556
27.384,193.6568541298734,59.78891999999993,62.2730135660971
3.328,95.70345604128761,73.0283933333335,100.31763933745762
59.52,27.452753389298323,16.72139000000002,29.684902315669923
49.08,166.50714693368445,245.97629250000006,247.57228200944752
35.91,258.2643734850026,329.0007700000005,328.4410945839013
369.544,502.42960379657916,318.70215400000006,524.3972223708873
217.584,270.780709468434,248.994412,213.59190556147652
10.368,-54.23609384851807,34.23661999999998,24.574486352622344
142.36,486.5653148752376,393.7957900000004,303.76674271496654
383.952,284.4354588629394,731.8130000000002,542.2079535299706
205.92,286.98141135281367,563.2257549999996,422.8138918707053
4.448,-112.92555907049018,24.706396666666674,18.397561630664303
7999.98,1246.5862848939705,1275.8126899999995,1076.27206662091
370.62,548.6894289979937,336.29541249999966,391.8839054262216
23.18,154.5662780976295,235.43790285714317,159.048589115391
51.312,116.86460319382422,159.95428600000005,103.9838515486722
60.864,187.6002374628324,141.64275571428598,158.00365367077154
195.466,410.72927271296976,324.26886699999943,271.0824004552651
28.752,149.3426108632293,164.29136999999983,122.80301591430245
182.94,553.095548556731,434.0263160000006,463.14899225966195
3991.98,1331.6735873055263,1691.2145700000008,1534.9042395915924
523.25,371.3719318928056,789.71673,524.8733332505113
127.764,450.5238728171189,272.5894600000001,274.5144220532158
13.76,13.99393124148628,38.091863333333315,24.845770946934923
183.84,345.09507142658595,330.70907000000034,252.0022083741253
104.58,144.8834061924399,196.57507500000014,125.14278067845056
1013.832,773.1757598142444,1245.3477899999993,1103.1871433148526
99.136,49.52841679642006,34.11027999999998,56.83118767578356
28.35,317.1224003623338,113.96841500000004,93.40829105242292
8.448,64.42132000994843,113.55398866666651,107.38871636000903
963.136,488.3563403799076,707.1835490000005,584.6097590287114
310.88,-10.04699800819617,54.18348571428566,54.8618054926467
69.93,603.8209386901676,690.7774649999989,594.9426769809847
158.928,345.8401099307139,357.5538500000007,357.1596099202137
48.576,41.48991503527759,141.94121249999992,96.53226543532662
147.184,136.03827771520264,155.18518000000012,134.1615818716009
117.576,275.9949101016773,212.00813000000008,279.06961511877626
99.2,94.67173457460422,36.579843333333265,57.588618208908116
2.214,-22.183377084947097,23.224927499999982,24.764537549312752
282.84,133.1585454613264,77.16650000000006,85.07201055735518
53.04,101.43378971875745,197.30000000000018,178.30610960195298
41.4,40.58455134531687,30.067883333333334,36.32860856066955
26.7,-12.829137465799704,20.603330000000014,18.528609554095468
95.94,260.591660039845,212.7587975000001,193.95649505943229
8.82,-38.32536005132624,52.873193333333326,25.48139208354395
43.512,396.93088886679425,151.93370000000024,165.1986256126298
96.256,238.8427127294999,146.1011200000001,112.83305151684709
50.32,137.19925847488594,100.6043754761904,97.54895786944229
332.028,247.75192494836074,141.58966000000007,117.44030012662833
12.96,-31.935327192871227,41.59792166666664,25.423198830469943
5.607,-28.93535269461063,31.26302999999997,30.92233271005395
184.66,257.6311388889808,146.31279999999992,95.38925434476825
4.3,-31.28177347432802,27.53037000000005,18.45214597588132
40.29,253.31690251815235,263.89987749999995,197.1950539066125
68.46,268.1028412693213,115.89645499999997,80.08724978057619
528.43,562.4500716843359,519.3392249999993,596.8094083564189
158.928,353.6940169103532,574.4838199999994,476.84627849265667
56.56,176.03183261103914,233.54978000000025,178.76297131906483
389.97,175.59829751203324,174.35179999999994,184.05878574035066
31.744,-76.38463285881744,10.988340000000012,18.44331727626282
18.84,45.234364937628015,17.70587999999997,44.91396372881199
435.168,487.57919791023915,417.594372499999,541.1854118866083
205.176,509.1609541734283,264.6484870000002,265.29147010670715
9.024,267.0439494828379,322.89114199999955,182.38888047459946
33.82,204.04098395575056,134.40543000000014,124.3404465029638
32.67,267.6467945559002,222.70517,224.40747310469783
4297.644,1086.5713904934287,1645.376379,1309.116914228477
271.984,62.53741606773838,40.71474038095239,86.97248285111858
1319.96,243.97541373702916,229.31645000000034,196.18135937885
389.97,174.68734366428362,242.21594000000013,193.37130825677121
118.25,358.2253472945822,251.31354999999994,252.08049054426323
259.896,194.1850586483083,200.77902999999978,220.14486124516534
21.552,281.0912752656832,346.40178499999985,169.67248431444307
4476.8,1336.5471893140061,1090.6712479999997,877.4043424024558
315.776,310.0528320527178,162.95131,178.3509108216232
13.71,94.10155701193253,30.446345000000075,131.68407554331375
23.36,-22.713712071315058,56.35730333333328,31.558718624665673
2549.985,1228.501840459121,1508.1865849999972,1710.4142758171458
27.93,232.11614163959393,37.00604999999999,53.225033396758725
6.63,-5.440933325300193,8.550780000000028,29.54754121559353
96.08,-10.539709842376396,35.073613333333334,24.668511052790876
25.08,239.30766335380304,151.2822299999999,195.25856749072165
25.92,319.04836194579366,811.8500116666662,184.79679973565788
844.116,597.7803956107241,673.7224342499986,699.592089065823
57.23,122.91545970112747,87.09196999999975,77.09444796821197
85.14,207.8040983851056,216.70051000000004,170.9890111504691
9.82,-61.474690175051364,19.184056666666642,18.65235755058661
178.11,222.661477867764,110.38765999999985,158.96240373041906
195.68,305.7739757768463,247.08516999999995,285.90283411268535
658.746,502.93974915694525,340.99337600000007,394.9210043007113
155.372,387.70339711231964,228.74742399999997,248.61380761443016
347.58,226.32005435457495,100.49777000000003,166.28342730260357
92.52,384.04889274227935,512.6630825000007,451.30871062649703
398.4,261.81794726785984,512.5389599999997,402.1263363159901
9.728,-104.3522304562216,18.591319999999982,18.397561630664303
5.232,-121.647991484474,14.690610000000023,22.661913143652924
128.34,425.75176243551414,402.2323499999995,432.4472814442772
23.136,277.70705560963415,87.14081999999999,135.87280993621707
251.006,543.902572115272,338.1720180000006,282.32797016191273
17.46,27.4555635812967,44.301765833333356,55.17956154808755
74.95,495.3498075314219,471.31770000000034,478.8926519998578
5.08,-130.23468604904338,30.404579999999992,22.296736193605817
1325.85,361.33814462317605,178.48474000000027,218.94329769550393
38.29,293.2905352941266,235.86117000000002,201.24550241513577
715.2,532.2861914714476,467.7069300000006,455.0742675828722
29.46,259.18048851439926,193.17609499999998,160.8051520683193
19.3,28.005154269994364,66.43120738095229,60.62470401587949
105.584,223.4403919483807,103.21616,220.47002186494464
36.56,262.3592904434472,129.29721214285718,161.25199533928918
569.568,377.612435010426,364.9371799999995,267.00029888214453
222.384,230.4817363896168,192.1583033333331,221.8036254793518
236.528,539.6568606569467,347.35681409523824,273.2115613770977
5.588,-49.69468037625711,29.278606666666647,36.435684225215134
25.3,326.9548674223488,1235.6510438095238,500.2097711104275
1085.42,473.3991688102633,671.4418800000008,706.8664012705957
6.0,-78.36823981420457,7.669440000000011,18.54769165743771
20.232,236.69902748805634,87.39747000000006,157.0403178254882
31.5,405.2941994261828,84.69449999999999,85.63284441225852
1747.25,766.6843621282151,1112.9671949999993,1020.8251242555177
17.28,184.98979605934437,55.96499666666662,63.48908953948727
39.072,289.2672245696481,71.22706666666654,81.6286255520831
17.94,13.166997909385827,29.817422500000035,53.278850805787876
490.32,608.9005294865524,565.2440799999997,585.8817056892802
22.74,29.3593340055927,20.474880000000027,29.54754121559353
166.84,287.4149459521991,216.50723999999974,204.26322205000318
19.68,183.0881471892394,106.67100999999997,60.472070347782804
29.76,80.55114008111605,95.01702000000003,59.454868529547696
200.064,212.53697515367276,171.29989300000008,182.3287679344845
1471.96,217.9456129124028,162.30757699999975,175.46299821339238
52.776,152.9325038915713,29.263880380952347,114.25318955113808
35.88,180.21628628741837,53.77525999999989,84.58492763415006
359.88,331.98812274622605,363.1047800000002,296.7050283795816
33.28,309.5700752396192,296.53890000000007,267.29563904353734
76.12,173.38950664196864,151.96315166666648,108.93866380861039
387.136,237.13320200963835,224.32793,201.16647472209695
12.22,19.200860410386213,31.146570833333314,30.78648958154978
251.944,552.5475846706859,557.2053469999995,572.5908698104786
487.96,506.1140496822295,354.44558500000056,291.0825469575709
94.68,403.74000879795494,181.71399999999971,242.53577382248898
1706.184,914.3072787142855,1730.9056174999998,1472.0382888136417
664.146,664.4207484261483,1767.788935,1207.7991468150287
4007.84,857.9846849347341,1784.3384145000027,1414.4075912556257
19.68,206.38121508965696,62.01315999999998,64.94625881871292
2.896,-122.10771980625123,29.047899999999977,27.888067096292254
53.34,129.62785743815402,214.38268500000007,138.77719333287433
21.38,74.21010726616169,200.37821250000002,154.33467854393118
486.368,646.3999241228594,614.475909999999,589.6577182907032
8.56,-40.57072741801221,41.57187999999997,24.86218205262771
20.368,41.09923168347814,71.94758749999997,87.93207138106759
43.13,-28.822559045822345,21.856789999999986,27.69000306296709
1016.792,7.714853873671018,34.10162799999998,75.0178494338642
86.97,381.06577487654704,371.3355005000001,355.512850111937
915.136,492.6521119510885,656.4624749999992,583.0241684869661
35.98,348.00794486869745,210.5305538095239,237.07948489033282
6.7,-80.88446612594225,16.131046666666666,16.471220715541893
88.074,160.93166792871307,146.92487000000025,153.8409443184688
40.7,297.901587263143,495.2490333333327,714.4530341839791
49.5,303.21944771889457,80.55447333333332,80.36079476052925
3.008,-103.23985407941154,17.240219999999987,18.428269563279933
67.84,114.19300474718648,132.95164999999986,123.92518066469033
152.991,-19.776691230706092,9.94064400000001,21.419964387672096
109.8,431.7708056198294,174.0394500000001,205.32754890215077
35.88,168.0703593461376,98.39236499999998,82.75290818073178
5.936,179.68060699723083,11.65100999999996,105.86628821153872
22.72,108.69704975618424,40.028690000000054,61.07285246557412
6.48,-57.19105631904313,33.604639999999925,22.730707695280895
10.9,67.25799442895186,18.599290000000032,40.92706050278557
146.45,301.9370489742196,205.7803666666665,309.81772385010595
450.0,283.5472448261312,321.21271999999976,345.1857035064337
213.216,30.080804362557956,60.41782000000015,70.36978793680879
481.32,279.70758476261653,574.3477500000012,466.15178576652795
31.68,49.23298936712854,43.53041000000002,57.24520650936678
323.37,174.3704353225703,180.43760499999993,200.33837275487596
65.94,79.05442634146311,68.0414991666667,74.48672992599802
32.4,180.22620603985888,138.36250000000015,85.35917077788262
12.672,-27.840808356093476,43.73277571428567,46.22395283014843
90.8,502.8614132122975,742.5629399999999,660.8786358381457
118.25,336.8522064201479,737.9339966666671,645.0313898330717
25.35,197.18216286322013,46.34437999999998,47.30455110208889
39.96,51.85191229206794,73.63240999999994,66.62328104788398
815.292,881.0382925840613,1072.3705820000002,1054.9929839018102
60.416,149.44057609154152,53.84194799999998,103.20664893996388
87.36,396.8109581806334,1071.2135300000016,642.3889957638698
287.91,1263.5092284932139,693.5306309999995,734.1204203254899
63.9,176.01869520036053,99.09958333333336,70.19768696119623
479.95,498.03353061738517,340.1577149999996,423.7596224544241
25.92,342.3857288084496,47.694620000000015,76.20339832188809
13.984,-40.964251638064525,22.226171428571437,31.50352395878441
42.6,81.30990585086874,46.41591500000005,75.64527284591725
69.456,102.244695244578,246.71692866666643,116.09927469700317
57.75,153.32659169841418,36.91217999999995,57.38167439502492
160.776,290.9438978165372,346.35002500000047,306.0572042758351
230.28,432.756835914196,272.2181900000001,390.2393285140735
53.088,218.80193581583399,110.09670000000018,136.15999279454917
83.984,225.84707780262124,161.59160399999988,220.43869315491608
5.184,115.45812781547647,58.859019999999965,100.32448168655748
4.896,-15.365000717333714,18.414640000000016,23.633485530658827
39.68,-61.625215616929836,15.576309999999983,18.42713355143603
849.95,334.52337728493876,248.53002500000045,149.39456494207803
1247.64,256.54601665829614,341.6049166071425,254.96557952400588
87.168,108.91034640721728,225.8468633333331,187.576546190229
132.224,90.79319424453342,78.65574999999995,83.8840948463525
58.34,148.65746216008756,21.79625999999995,109.25537828771849
518.272,711.9563048420346,839.2179589999994,791.5573747792919
8.28,54.25883107782283,145.66533999999973,70.87947621205073
13.872,111.41875451277156,85.45506000000012,62.70805734068422
46.672,65.42153048584078,186.62558166666665,111.78830341589115
4.464,78.8439192001797,116.39697166666676,78.3359434047353
34.5,212.37026131013772,832.4526350000008,194.4954100281433
156.512,245.161099518039,193.40934499999977,220.26076618867447
73.176,169.06485219398155,104.95729000000007,111.55479833804625
18.0,91.0678649762749,77.16578999999987,76.24168591465259
217.44,334.6682274176719,231.62068666666661,320.2153738764501
51.75,-25.41586291371368,27.16809916666663,29.155242755200387
544.38,256.54601665829614,341.6049166071425,254.96557952400588
76.864,-53.44155674491867,45.53639000000004,25.216295925221146
41.37,80.82709531425326,49.05654910714287,66.86568770103302
479.952,315.18947900081594,472.9062999999995,362.6349772045734
26.046,-31.53274572385908,22.57078500000001,20.648031271088215
21.98,224.56354752670813,251.2415866666666,102.05270366455775
13.216,170.28069000954292,23.471573333333385,94.6938124790696
45.696,37.060199087101864,53.82288749999997,80.17087938748324
44.416,139.59335509039147,78.55662399999997,91.66806030530805
505.32,207.47875696289066,279.3541650000001,263.90571743413597
12.462,-42.980996773096194,19.002290000000027,16.59259533323637
1.728,42.16612204602916,149.58309499999973,133.3958016550634
796.425,756.6047918543254,868.7905480000005,780.1223185693074
198.744,520.4982824264362,793.5737084999996,537.1607783162704
214.95,643.1327085815424,574.1565693333324,600.2388237656719
5.682,-155.2023424280087,16.676330000000025,27.17950270390879
105.98,332.3286214383893,193.2066300000002,238.34903014765453
1012.68,129.37064627254222,112.58510000000003,120.43318533782116
10.86,55.067334124690205,100.2298199999999,55.95542736576786
12.9,-32.54666740023822,29.120395,24.819110805053306
465.16,211.56906326092076,155.22177666666656,135.10307371246122
35.89,-76.62990412497857,24.861146666666706,27.31310941281236
63.92,87.33646348351704,92.8588833333334,90.40183696551193
21.0,34.804619312272735,53.53726499999993,72.18592000491914
217.584,379.5856955133795,209.24239999999975,259.403413419681
1261.33,435.6651501363767,444.9257500000005,431.9288057229422
409.272,497.63615749003156,419.4430260000009,273.3847147366787
24.7,37.33829110560009,233.69731000000044,161.39550825964497
15.488,57.837890677357336,161.66446285714247,132.85685192518707
14.272,310.0528320527178,162.95131,178.3509108216232
54.92,117.20600129289596,146.22040333333334,150.4391197892518
34.37,449.2831675878606,119.94597249999998,162.1586910388646
181.797,476.9907797172623,159.59235850000024,167.40939314794076
158.13,31.979868847237412,146.9701599999997,52.188760405658506
25.92,71.57945313179425,107.5763716666664,61.588685506796175
254.97,170.41414850176307,178.1980300000003,170.61171297204598
50.22,216.99499608845963,192.77021083333307,211.38631327510458
4.984,-148.934207108181,11.432104999999993,24.54525305209716
33.48,208.35405022826217,90.47567999999988,94.22084036197107
108.576,286.12604233330876,209.53134999999938,278.3524503919989
6.48,-67.21128644536839,26.540489999999956,22.611092035492792
213.48,280.2681052641974,140.66211999999976,272.5657211238158
35.34,23.004101890533548,105.37149999999991,65.70214270000679
17.456,69.8112426579346,111.08819685714278,116.41202973134355
2.907,-20.732346623836747,11.969579999999999,19.920315746094467
19.44,42.39849680471616,51.683074999999974,53.232433126344006
6.672,-154.94794310152884,22.567700476190506,22.71386718397772
77.952,34.287119440396054,60.089175999999995,64.61446476756163
11.52,43.773568582546886,50.28872000000002,35.98737038120127
6.672,124.61630995264659,62.74345,113.52483675968104
762.594,-30.916223741762224,19.033460000000012,19.48998200635755
15.42,160.0708017144616,31.399545333333307,113.55851202200294
11.648,-54.36980529399898,29.195939999999982,24.51888312590151
290.98,417.3401219347611,211.72342500000025,141.38978039747687
74.352,-18.995126482872365,43.86331000000001,46.717281799098025
10.368,-54.736199086464694,20.71365999999996,24.574486352622344
8.72,6.934474815501744,16.5841,32.49650163162825
170.88,264.62368665216354,384.75160999999986,278.7209100358509
3.96,-63.240582714718585,7.425306666666664,18.001535818464433
904.9,369.6832375080053,282.5540866666668,295.20641553064786
8.56,-32.04656216229159,41.2727383333334,24.819110805053306
626.1,543.5248298923557,486.8075700000001,409.43820933485034
517.9,352.03584695567406,270.24849000000023,249.84748565855543
5.56,-54.195101172591876,8.357344999999999,18.45214597588132
3.768,-85.146795435071,26.07167999999998,25.313261944751467
39.879,183.41685231584233,267.16165500000017,149.4001795546282
220.064,90.88235060725265,73.55884,76.45265478656694
35.88,213.16733901136104,73.67410999999997,84.68049221879153
88.02,109.26438997009836,104.1712191666665,84.96778457444012
25.128,-78.15668959502727,28.209129999999956,33.74180854758288
1399.98,2364.522089314338,1604.1802899999986,1451.8715559206348
9.248,-53.342534634699405,19.355539999999998,24.434948005660477
5.388,23.668450711414152,207.46218499999995,118.647379938513
1363.96,420.783485876947,412.28992166666643,432.8683401747827
10.89,121.96891041004483,61.610613333333234,80.73076427349005
88.776,283.94710845806276,249.63415000000052,302.9982524452071
6.286,179.63605191446914,25.142989999999987,125.71086684691562
3.528,-106.60741510558273,7.200776666666681,22.481497331590223
72.704,95.06203829839751,238.2118416666661,182.40189715601548
3930.072,179.49357831850875,377.33968999999956,204.15557308107935
161.82,362.03941822977276,68.63791000000006,81.64277828212586
933.262,588.5266676001315,429.25839249999984,436.60338224640645
344.22,505.34330916609224,367.73389800000035,270.360856235835
13.9,153.75991678427772,36.08302499999995,55.955329267610814
204.95,157.67886931704743,42.48495464285712,77.73686662551206
62.85,172.16952277322252,499.8155400000006,336.2135441440701
42.208,-82.61444012312495,11.809619999999995,24.51888312590151
51.756,-77.44632727744101,39.11851999999996,34.40210291378549
11.952,121.49926178082023,80.15995999999984,111.10982853316675
3.564,-41.163772717544816,12.948299999999982,15.867591172400198
4355.168,208.39839684440267,76.56781000000004,140.1491276364087
718.116,764.7068585604538,855.4645549999997,841.5804717558157
1673.184,1078.7840789757752,1963.6581574999996,1802.8883172319247
589.41,614.1836594989495,1393.5951499999999,1097.194738344512
29.22,130.96755266442005,67.59666749999991,81.08890178443043
11.688,-76.24562520398558,11.936110000000024,18.483735791163248
67.04,336.0413924834047,333.1252599999996,424.6494370087437
17.45,50.82630779378724,16.50043999999999,41.024972863231
196.776,285.4427401991302,394.0438059999994,285.7692588199672
11.34,-23.162265794715495,18.42117999999999,28.503684298033235
254.9745,460.7832646765364,381.9281049999999,382.66213383251124
18.84,80.82709531425326,49.05654910714287,66.86568770103302
15.232,51.80119100715547,140.56407,58.58557770236498
395.0,278.2068076288965,398.1893500000001,335.87466337527445
4.928,-26.946697103386214,41.64499999999998,64.58312662047311
124.95,491.4430061613666,527.8290599999999,474.74679257658323
159.98,114.72528747530896,84.52244666666657,114.33805166610931
34.248,145.11870095343693,111.27872799999973,106.51220602731571
2.088,-133.24008726099964,7.459189999999999,16.483826068645552
110.96,-27.22870667906318,39.158620000000084,24.988410199044516
2.934,-31.53274572385908,22.57078500000001,20.648031271088215
9.84,-6.7580521429058535,15.151856000000016,29.54754121559353
52.56,264.32925478650986,183.2834599999999,200.74592590655266
271.764,449.65737378670747,234.49517400000036,276.43650495140184
54.384,53.81354379283948,95.8207133333333,97.79137751936119
2.064,-159.7241831409624,25.790639999999975,16.412668316434125
27.18,17.252266005707497,110.82305000000017,53.30205179539815
384.768,503.0878296566866,254.79531999999983,267.8515801477815
13.392,12.08544138518846,37.75130666666669,50.19365780505735
222.384,260.102005288049,109.9607533333333,231.09714444950194
16.176,-1.7214468052125085,30.245229999999943,46.6652514487136
523.92,592.2609481913255,1452.8719075000026,1088.5349377899104
18.75,92.18802238127046,88.12314499999991,63.55628005296864
6.816,-94.20100147485664,11.328546666666659,16.85482299951725
51.465,81.63028614662835,82.60287499999998,158.32852447453186
93.06,390.4069350493364,575.7146850000003,542.2262725829597
45.528,3.529733763879449,38.164409999999904,47.493581544996594
59.98,157.18322103151058,148.88346285714283,132.52449666304128
184.752,432.89054735967693,364.8729425714284,393.62998877421364
2.628,-74.03719847013417,185.13469000000012,28.020939350090075
195.136,487.90103661994226,421.69449566666606,557.951337439951
6.608,54.19656960242901,33.24113999999995,94.04277721759499
12.672,185.98570314433346,25.87452000000002,68.82241067054767
38.88,208.71567712257456,64.73867000000011,79.61764314649818
19.83,-107.2722010398943,13.993759999999961,16.697447946929447
323.136,538.2061143241899,566.9108759999992,593.5411313287102
478.24,507.5218400567737,275.4766966666666,211.29625246479563
27.24,227.4253116670743,47.52813952380956,152.00613410067422
99.488,127.55453859319005,228.45585666666648,194.0278425629036
40.712,388.34504666333896,135.7644599999997,461.5870626853559
681.408,967.0450776941448,2271.4173850000025,1659.2823874295534
431.16,237.430828556061,206.7627166666665,289.69109329686233
887.271,435.48218256383825,265.09519499999936,384.7110402407118
25.92,128.17179312450844,55.67509000000001,63.68672454096336
47.992,384.9280853623254,213.28594800000013,253.2642715816397
341.96,512.3938465576152,266.09650000000016,289.93911584786406
340.92,228.79202413662915,176.86695499999973,166.21652874330383
239.97,390.1070597793473,408.13104000000067,318.0525967092243
185.88,182.7712388475261,76.15426000000006,60.68550817726997
9.87,17.667945050900926,26.566099999999974,52.766935727084075
8.88,70.75885605129042,359.81924000000004,281.91892175124474
32.4,117.63728716456262,75.29785583333326,80.27227639960087
48.896,95.6096157057982,174.27399999999986,133.93073315000697
539.97,384.7041935386869,383.5488850000003,340.20272024500827
629.1,204.9468380412336,83.91560333333315,85.57518612856249
36.96,296.6080750635165,176.45982380952398,170.8517567139165
114.2,169.20151459440876,61.85402333333331,83.1194221404636
127.95,77.87594933732862,88.58195357142867,79.80165528688013
55.008,148.8425056252836,128.12193999999985,110.89041974816851
359.32,268.46014740314513,184.3641449999999,215.78348413513058
185.376,123.12141515787562,13.121670000000025,39.63453412268133
24.56,1.087487259860609,15.58512,24.80804939975275
53.9,344.8574334154455,115.78748000000002,163.84235462111891
198.272,745.4004997743073,806.8314064999998,865.1567756760971
22.66,162.09258383174574,269.0087999999998,215.87756220825312
28.4,335.78671201644147,205.56920000000017,199.3868822119358
46.864,100.10919601966225,59.50503999999998,68.80134641185701
54.5,386.6930501299321,476.97676000000035,336.49192076910714
67.176,332.577384346891,240.68349571428595,272.86293057706666
89.97,173.41477992943965,231.0743200000002,171.69245393114818
344.91,220.67870749071244,249.95090999999974,231.1229441208917
66.69,78.19285767904194,45.067605,82.65253599783986
152.94,229.48911634562637,288.1894000000006,248.7853613563832
748.752,520.9874788007351,697.3712299999995,656.6401573848998
13.632,1.7077310735362516,25.67004,35.68965218036464
46.344,197.10549899440048,229.1060574999998,207.15130548282107
11.36,-1.974387880307404,41.61998999999995,32.05152834978625
16.464,137.45796811303217,110.10201583333334,63.28684252622716
742.336,548.6260796428182,624.5852399999992,592.03455719875
113.79,110.7375452351057,106.48468833333331,96.11717311870947
20.544,160.3440838946899,53.63998499999994,80.36651990522705
107.44,581.4138823346539,620.0348899999995,593.6065609001193
2.672,-138.48082144505815,8.845530000000004,16.41716922490086
8.64,-5.607316225135037,14.739745000000013,29.98616812129197
87.8,438.70529111183714,492.8238733333338,487.08810657890206
62.91,192.24283953138183,379.04436500000025,242.19351958824643
52.4,387.0099584716454,306.05811,300.6995878141615
883.92,586.4204057561446,1486.6576333333348,1171.3466106207218
6354.95,321.75249277925195,110.585745,171.1716954080165
43.7,143.29081074806345,77.673685,69.94785234109641
8.952,-71.33099890811081,124.80090499999994,21.65586484214189
13.98,172.57310651467924,110.20317999999996,82.70664225796945
9.408,170.7529893620963,40.55359999999997,62.27981800354939
7.96,165.70141993411653,126.85527380952371,124.03059081072205
319.968,333.45644010092155,426.54596999999865,496.3415537030263
9.26,-27.012829155040436,34.75661999999996,18.48285390849695
6.24,79.37626505116668,69.94089523809525,87.56839963938876
91.92,172.7497592333557,74.62441999999999,108.8368500576898
26.88,429.7445160052225,677.1766400000004,622.278005170978
33.568,232.61871337889988,632.2241549999987,174.7946035824167
479.97,1376.8594076690397,1987.2439900000008,1056.4072295476967
24.448,43.98605964127,50.04951000000003,57.18666707744339
68.46,388.7674161695454,392.3845899999997,383.06325468939684
78.759,301.5465499784141,89.74389000000002,140.2718957942775
334.768,367.46832675004134,292.7958030000004,208.13303132787786
400.784,376.3681354052587,168.1139169999999,140.86914802355062
281.34,424.48840506814076,511.7410599999995,541.7916613743256
239.976,148.75671260488025,189.70308000000009,165.0274836905747
764.688,746.4680369400012,1160.826407999999,1084.1086600998326
20.88,162.56707706095858,69.39797833333337,131.88940720442758
18.528,102.92663055110597,64.35849000000003,70.78360945343248
12.96,-13.656557816179884,16.584549999999997,24.868919507335548
19.92,219.29460038722664,80.35309533333333,160.4065310301596
158.376,307.7018434664724,194.0201550000002,401.6605109560236
228.92,320.78035433342484,375.35445333333286,301.7542546917742
3406.664,736.4994918381067,1354.9617019999991,1022.6015035167179
45.98,-58.12916292407817,12.485196666666669,18.45214597588132
20.736,11.784436934790392,95.45572,59.09486724156902
10.984,-132.02832656593,31.230260000000012,26.423853506926
23.68,-95.18148516588644,13.253509999999984,18.60497550283369
152.65,99.36307826798748,36.54145499999991,58.87922886727994
450.04,200.01733271200737,294.8684300000001,186.5390042241991
151.72,129.04138674620754,75.14466000000004,93.20879267537174
251.52,280.5244901410788,40.84725000000006,121.89455930052608
1919.976,1270.6460421459733,1018.4926150000002,939.9539196584524
33.568,97.5206800968399,264.1944419999998,108.24873526269798
887.271,437.57644385111234,444.686253,383.29081033650414
4.752,7.397945531957703,38.46518000000005,78.77100124306979
80.991,397.2860525296437,143.79930199999987,134.1283185619445
20.23,261.5372994238105,102.42047000000004,64.87768329515139
17.088,170.19626381679063,58.034237499999975,120.00221284866329
72.294,172.54260651394407,127.32636250000009,135.1320897951546
5.328,-73.4163253793813,80.69479499999996,44.95323053948749
1.869,-137.1292464236094,77.12307499999994,21.370924495140592
56.3,-58.82975975958698,12.721663333333337,18.48285390849695
1117.92,283.8470684796566,287.3533724999998,328.6804501826125
717.72,429.86743945594026,356.23980249999937,387.7684266249893
104.9,364.8787523987894,193.28877000000003,267.3043761366286
21.4,133.07928956776914,52.05312999999999,58.74349293135934
16.784,104.29359597392249,30.489812500000006,41.03353373040509
710.832,593.3947861823681,428.08965749999857,462.8054593315943
99.68,232.35958389445204,201.45157000000006,153.44583162292986
47.992,18.22047600060432,132.31708666666663,101.35718550834413
241.44,220.78185412627363,200.816885,218.6321996107851
30.87,234.6946797583405,121.55016000000012,88.46574908586132
121.78,476.3466226632054,458.61406666666727,332.8895119686673
40.3,-7.426750551872374,14.682799999999997,18.451275012330363
7.184,60.69771553612645,71.82888999999984,166.22640619716734
34.44,49.11858179558294,64.70807750000013,52.16340688364922
376.509,608.1204068712577,771.5042199999989,470.9189169107048
69.9,347.4358777039397,219.83613000000048,249.8603528462661
77.952,44.71361446917763,104.61338500000011,97.69002397675759
11.376,-75.52245195981595,30.29295000000004,33.45396987295988
419.9,138.08418526173318,163.76915000000042,70.17952276490394
16.56,127.8703305587037,75.96323666666642,117.25397598351202
3.38,-115.90760126503528,14.044149999999984,16.463679513171837
249.75,554.0049722124977,633.6648099999999,629.6098302883241
40.05,11.797654200084708,22.29093600000001,29.616554281753658
557.728,649.5837524467684,913.4515549999985,623.3693061067887
1004.024,807.5147297976209,1444.7426199999986,1105.873939256466
1454.49,728.560654879886,1095.1426125000028,991.7482066349758
24.32,309.217276987491,95.77788000000001,78.95413158421603
18.9,-13.22052763310603,32.75921083333335,29.98616812129197
88.776,286.8093444674878,235.85341000000022,279.86348099201547
1044.63,657.1789076837454,604.4186600000002,653.7440773491691
18.688,-87.37632060903798,65.66339333333335,34.43978019515596
32.368,211.82662984330636,108.71108000000012,91.67137649498363
328.59,540.2816804864237,376.227731,408.4036118497512
307.92,543.4067007501644,546.3860383333329,717.7873665435873
343.2,1183.090250062577,680.3368249999994,603.2126572559005
72.744,498.7951556854755,602.1058219999998,520.9587476795308
9.64,161.29431312809174,115.4048499999999,106.22702095192658
24.2,107.8034982339118,30.756119999999967,56.929936629902166
32.088,370.419472726966,1866.8932600000023,215.11798257080886
338.04,211.71996157401372,204.478562,197.76791569037428
25.02,233.31684371304937,212.06072999999992,191.89149812773164
60.35,216.9138235764135,147.08940500000014,176.04835039780977
1606.23,587.3666733482214,482.12117999999975,488.12620539292556
82.656,322.5930116888476,83.48409,104.98970759690404
135.95,272.0266473695033,94.98538333333346,97.6453610596527
14.82,76.23699181001939,55.99952500000009,71.23672620711578
73.2,101.76236426856804,68.58503666666664,58.14821146963227
11.672,20.104580140838607,111.52163000000006,75.75551515640747
398.352,107.06799609743939,74.44484666666685,115.5402407100001
269.982,247.28896729227972,144.19445499999992,266.3906500240939
842.352,431.12260855685327,330.71545750000007,388.042673289502
142.182,445.89865291639444,215.2804850000001,165.70180470103253
6.12,82.63772613668152,85.35650000000011,55.392585570623694
54.816,-46.42742675745467,63.21996999999998,46.88683793522247
98.16,366.02950760161093,665.9844199999998,390.3864309153726
4912.59,191.56927247443446,96.02537999999998,150.76991330973817
18.24,0.17664103625747885,15.036467499999997,29.3310729733603
371.97,170.76304739487432,385.2483575000006,281.9762648102821
13.904,66.62741433402607,187.33363799999992,101.27938147400872
55.104,71.17827542111718,20.007939999999977,41.68396756994417
629.184,187.70704060123808,167.41999000000015,92.80012698493584
55.168,230.86468909968016,34.66999000000003,51.69794573886863
55.48,-53.824131364324785,26.005361666666644,23.081545246933516
23.832,211.90315847024613,226.92136,263.70778548635707
300.904,485.67857242397076,183.3764060000001,173.38117994402157
3.168,0.5719261169178935,67.14373499999994,66.81517025666018
123.92,100.15538960111007,44.581350000000036,60.66901157523957
7.23,78.94656306066554,315.900635,167.53648241084778
9.24,-7.01359140545992,23.802550000000025,29.906609937383923
6.99,27.40346813657061,29.437625000000015,29.47135727927084
52.096,259.47870285078443,94.78911999999987,162.28150027580898
11.76,44.47934719278555,46.03354999999997,35.876395344203395
3.984,-63.163370918108285,26.183240000000016,28.00824396245433
13.92,118.22627709419157,49.93056999999997,107.18295378257288
14.576,-126.87658795335892,8.938660000000004,18.428269563279933
68.541,397.01443637669126,275.84090999999995,147.7464371549772
449.97,402.9068524989002,293.81929000000054,320.63706714728255
155.372,381.6105455929355,149.6717699999995,251.0578895866259
30.93,-26.139036157882856,21.71259499999998,29.739953196039924
125.93,257.29677571564434,55.52246999999999,63.359744818152805
47.808,428.1966936956387,166.89585000000022,108.55401363673407
195.64,318.91475870151044,294.1889400000001,290.58703314472086
9.99,-45.37417937405189,17.417040000000018,22.626214040992405
14.9,371.96938209275413,358.03499000000045,358.6113462530638
303.25,191.23679764069084,229.49448999999996,166.00723379025175
6.048,184.98384791633907,583.9379750000008,194.06346223229758
35.88,399.55101433399795,671.6614399999994,601.8605206398995
32.232,211.7645166567754,731.2373484285713,423.80939701997204
582.336,689.6346905863606,794.1501899999994,870.3402805943781
18.288,280.8906837355198,163.13200666666674,157.4798700230457
19.52,-17.63338183145015,35.05770000000009,47.224908549627536
69.99,1277.0961717243854,1504.6789799999997,1253.248131511021
103.12,475.5233257123091,477.06876666666665,463.71944488651553
1.98,172.59019120286666,85.9993933333333,115.60413176321586
21.312,94.33270150806311,15.345220000000014,45.9354497538145
17.48,11.586450021632118,39.62703999999999,32.346713702161814
318.43,555.1762450941387,537.2915399999979,597.9256831258424
251.964,401.8132485110232,972.6733100000004,612.6558730318596
26.16,185.29255080043913,232.47026999999963,192.47928524191644
6.368,-135.3013112525582,21.07699999999998,28.3843932278042
306.9,130.7124941067991,89.89903500000003,77.70704226123546
146.82,42.16188570670147,85.93639450000006,53.45663898835365
15.712,26.89658654457162,29.186486190476188,36.96173323540856
281.372,384.5938823192814,279.00664500000084,256.9556588814566
40.99,-57.55745011150793,12.8129366666667,22.588492493810232
10.48,-136.9416272492117,18.288312857142845,22.299326219958992
47.984,104.35498433813245,168.55861666666667,109.08198153722489
12.96,-13.156452578233257,18.825210000000002,24.95632478872083
36.744,196.99629353683576,257.91545,250.66444653541322
1295.78,171.74124281458808,164.76883999999998,191.84780767617343
87.71,241.67886756169082,65.88180000000003,65.11525935205432
38.04,167.58395704867644,107.55901999999986,127.17175227957603
24.9,174.70247201379243,52.58798083333334,79.21874171295944
40.48,60.88922664383199,34.72352666666663,55.68801747223808
191.6,111.74213600119947,119.48958333333317,65.11806978279519
17.48,319.0179053370716,280.0605899999998,217.17604921709844
97.184,375.61201405864176,128.7127299999997,258.42297555899967
29.24,83.2466710985027,23.19733999999999,58.65332372300203
4663.736,373.84893040713223,615.2911600000002,620.9991600239678
12.294,-117.76783746190449,26.177071499999997,27.61070248463844
3.15,-80.41703234235138,7.4970333333333485,16.626187014598106
818.376,284.60843191814,235.93041600000024,293.56480564577936
5.904,-131.11567441815168,8.138439999999989,18.54769165743771
11.52,81.47414943380318,231.8874433333336,156.13981975623193
293.52,419.9030317338734,351.2681599999996,415.42903414517843
91.6,391.730468992871,545.5927450000001,492.7694178520531
14.94,65.45888235814891,64.03254499999997,54.536396984429295
23.88,79.60381683213745,141.61723380952355,88.99871126122271
40.968,13.041096778318206,38.43215000000001,51.01730865847201
29.403,236.62400210260557,270.0889950000001,265.0176014575462
8.134,180.50255094488057,379.8723580000002,239.41357166958073
23.968,165.0233490322221,60.206489999999945,62.176821939965464
15.712,75.17852118902829,114.95727999999984,122.46654899774272
99.98,114.47505902025432,53.16129999999996,108.01999281405283
487.92,394.6273403326163,431.83146999999985,430.6762740211588
227.136,244.2328509689587,165.39026499999997,260.9026700723561
222.352,687.0587700963624,1544.7388400000004,1497.7330180659776
40.67,204.11718118801036,22.952620000000042,43.42593781754879
9.584,10.66620004861943,10.78623000000002,81.74032978008327
29.718,148.7729128611645,72.54587749999995,100.8163264054976
841.568,61.13094068938972,44.18327333333331,82.68861276972218
29.61,310.13707140975293,46.07319,64.16439722835999
75.792,125.61652042853893,83.56847000000015,123.31404985103133
45.36,236.69510071012428,122.1428200000001,89.97273084855453
27.42,101.83404259424606,74.37434000000002,78.22384828443055
4.338,-22.86222817786893,29.551539999999996,29.0843436253973
12.07,4.2939954769758515,36.48826499999994,33.64510667753401
102.93,224.16316040925267,76.2093639999999,174.52702732493964
9.588,190.0997905519871,285.3062725714282,220.3327702572441
20.72,62.354219171505065,38.93244666666673,80.53024778010146
653.55,657.0347077681395,920.5128590000012,832.7002782231111
9.99,283.02979327039066,134.52758000000023,124.97468477268825
5.04,-101.92873060558304,7.053689999999982,18.54769165743771
14.376,152.9325038915713,29.263880380952347,114.25318955113808
11.648,-7.157601549940409,87.13309999999987,55.51427766569478
107.97,173.98674682877436,216.8115500000005,208.43944015491994
264.32,154.95892814485524,106.91275999999989,125.93090213174946
272.94,265.54322696855434,259.1192499999999,210.21747023744865
14.56,-1.4355154059303459,57.03490666666655,25.487580519533722
10.8,345.1297866743971,58.387756666666554,173.33079676187972
239.976,132.02801534013088,371.8527099999999,241.08182105945022
24.18,223.27470523649072,179.6322799999998,135.4074245452088
29.52,277.8270944960059,109.91742400000008,124.78651863449971
9099.93,1600.776713602418,3118.4805700000015,3307.2584024343982
377.928,609.5836161377188,1292.9047100000023,968.6531213028746
19.44,15.801435742620924,60.15706250000004,52.676911502521186
5.34,-29.10240646954344,20.47344999999997,18.48285390849695
101.994,1079.454738984351,720.1873650000009,621.523313629789
17.12,55.575239095385314,63.46124999999998,57.989677634675125
26.16,180.86316771637848,333.7831200000002,318.98188514127145
2.688,10.450572708950403,33.703929999999986,59.758337989885405
105.584,253.3505090051185,210.50642,218.52055288708252
47.3,-66.48762618291994,19.929690000000008,18.48285390849695
17.94,20.4730258006407,38.87656599999997,29.47919318167726
1592.85,926.3134558143502,1737.8106549999998,1445.3868912722166
34.272,116.54769485211091,128.16093000000006,136.49461869433745
56.07,286.44658785916545,198.55833999999996,190.64440730572932
264.32,137.98989274099222,126.3398999999998,101.29313664767096
64.944,47.01364906134495,131.55521428571421,91.70843033449724
62.18,149.1691365089564,76.16042416666657,68.5688245373406
38.08,29.447942533307014,84.00845999999996,93.3831148513149
17.22,193.60956453620884,50.45139000000002,51.918289172125014
63.824,53.31343855489331,56.13537333333325,89.07825639350975
51.94,-4.725823975434196,62.722453333333306,51.17265192164678
12.448,-73.09431523474541,24.469500000000007,24.51888312590151
772.47,171.68671223660704,629.6989100000014,257.6377721795218
271.44,23.29956687869253,91.87533000000003,57.82828959567618
34.02,49.18561335440427,40.7082728571427,54.11109364849601
24.896,50.555038552724,91.4280900000001,58.035922579976635
13.44,5.276971429295372,38.40897999999995,52.25651460001728
24.75,186.0299719563368,95.09082500000004,141.13398440143382
21.4,150.54803564897702,166.85616999999988,80.7592408453874
66.688,73.68290162228732,56.5418049999999,67.005676360922
99.846,308.27098607793687,82.1313709999999,127.14223801210436
159.84,408.49938197648135,350.45333999999986,207.17817202538055
7.3,142.40415575191537,28.93111,54.911056762203046
90.06,376.74075697019634,133.99692000000007,136.409419160149
45.04,-77.38484333470979,28.629183333333334,18.44331727626282
8.544,93.74759017226552,90.89157699999996,92.35038189566772
2625.12,526.6460951997865,500.0962299999997,563.2579297049244
12.96,-0.9129336919240814,24.302814761904756,24.80804939975275
71.6,291.18325966312386,97.61108000000004,112.81255214796784
270.34,819.956260736878,818.5814250000009,893.1159345189792
10.784,101.27048807018582,57.1672549999999,59.397764208264086
25.5,241.81618088865025,46.02261000000005,69.11399518811993
110.352,287.67091312990897,275.6185600000003,300.5293397580041
148.48,277.7774988269084,218.83071999999964,209.69066678871306
191.646,509.6466903571136,523.1909559999997,415.076277087875
436.704,598.3231032797207,765.3413219999995,739.2350100253591
9.94,55.392752999195636,67.87950999999971,62.73991195475432
13.9,151.8708310673378,26.27424499999997,57.4701657145046
17.48,29.71681419091874,36.81453666666673,33.15080106320939
1040.8,367.7993335657943,464.2773700000003,438.8337357437413
24.368,532.6600712984723,246.604966,272.0238950399894
5.64,207.19562637520448,161.6654975000001,405.42806470414524
201.584,232.43760225863934,235.83461333333346,220.28056236947057
32.36,124.9021251887707,68.55988279761895,71.37409000612458
203.92,546.0904238361272,906.6652750000003,788.5926694207727
686.32,1227.8930614570518,680.9560749999991,758.9696738935845
723.92,583.5578368826054,594.7348064999989,757.2008061324059
16.704,356.69663543198976,123.80627500000004,184.7417572509899
23.56,125.64101018589736,502.00909999999874,278.25815178518803
18.84,104.01746024423937,129.19022499999974,94.93477337505993
9.78,-73.08461237659412,21.28656666666666,28.199025498429084
480.74,133.08037155046668,13.299320000000032,65.4981464637082
34.176,-0.7746103340637092,26.786787000000007,50.174069926565515
186.54,99.38280165724382,163.0448824999998,106.88593720441594
966.7,556.815202621448,738.5098249999988,654.4555103617462
445.44,524.3988589056153,868.9176499999995,692.0772640840192
4.086,-80.03411021683132,4.376644499999999,32.04418061942692
104.28,234.02072822966147,224.78229399999955,223.17835499972153
18.24,-81.36852373576767,16.914049999999982,32.19295965390596
175.92,84.91336971217652,38.244129999999984,56.76803818246069
15.28,30.216919428864458,68.44095999999988,33.718717800195876
61.96,432.4319040810133,514.7204030000006,497.47498145522
62.048,66.17679454683184,506.16202999999956,122.13504682933102
1801.632,351.4312181948362,512.7882899999997,478.33844727177006
19.36,-33.29690082781508,21.78874000000001,25.245057875293387
265.17,172.20671272221352,45.69575249999998,45.73605664722192
27.72,316.08231877645085,67.50244000000004,85.14751691322962
236.88,394.1272350946706,395.34579666666656,414.48279737775687
15.47,233.46373146729047,132.96143999999998,74.38703661135776
122.352,437.6638477601432,561.6937140000001,391.4977205800718
22.72,168.19584286500594,56.959656666666696,117.45360499835051
197.97,379.2926254135368,367.7797630000007,299.0005964363945
31.84,266.5836799138456,215.5555799999999,105.22077129348254
6.9,113.32873184940172,88.26009,70.2057728487592
14.76,47.59601183087807,26.616878333333307,47.22170038349076
34.8,138.07375758126182,68.61116999999997,115.01951232403995
845.728,700.5649227633353,658.499589999999,327.49944680625237
27.216,0.8189504945084991,38.36087,45.883913839672566
10.368,-99.89289875850045,39.76500000000005,25.010788877871413
116.784,85.7963765922882,156.33110999999997,97.93042779370903
19.776,31.888851416118996,48.18670500000003,64.40749127080602
3.798,-36.62295446603912,18.601928333333348,16.642090764010035
302.376,289.1093790596551,400.4813400000005,315.3164209962378
19.98,-90.25852578713693,79.58760000000011,23.02287332547247
7.61,-48.16678582537679,16.87149500000002,22.649914900524323
325.632,313.9661484188132,299.3949599999994,309.7131451211811
50.04,183.75689406303172,103.19795,84.11999552911884
102.368,98.78851366171693,234.56022266666662,118.7273232383437
659.97,377.63578891404313,185.62730000000025,291.3327860126976
20.736,39.100420397822745,28.253582666666645,55.47676161121867
23.616,228.431924887901,117.63390000000008,80.10691869737722
36.4,163.86851084336286,133.26740000000018,86.5955316419621
49.76,337.9388822826404,594.3896799999998,448.3407568945771
2715.93,423.90545274093074,151.52930250000017,297.88400190824785
74.76,238.36942850715423,66.96479702380948,149.46890000688109
542.646,500.5059028538735,360.73001749999986,391.429921802592
28.752,14.224504150442954,100.39027666666672,53.33365442580235
479.984,2280.7196946076883,836.281929999999,928.8813737301577
104.784,320.92336350807955,172.9796650000002,135.97138199488734
192.72,446.8857664792622,147.29092999999995,114.4675201794852
63.98,296.79645373447875,155.44375000000008,225.33386836975853
218.352,439.9811770536412,239.2341249999998,380.858558123461
2.48,-60.40951228172662,19.582859999999986,16.467785516227124
17.61,68.86577868828135,33.16512000000009,52.84162765906532
185.376,78.58123746793581,109.49904000000004,106.30571862544996
16.34,-32.346175802675134,18.800319999999992,24.920927604833004
629.95,490.3708337586627,664.6667400000007,479.3090439092271
3.762,-21.54936020349669,6.483337999999998,18.828405187625677
457.568,379.4345894339681,348.6830469999996,255.10221798007183
176.772,6.499216256133423,28.78562999999997,50.075129681061775
35.04,200.25419079304947,101.77887333333331,108.83980024390361
31.05,-10.058777915898645,22.53425,29.98616812129197
7.16,166.47387843101387,45.13779171428567,107.75181299404545
1090.782,761.7878387523929,860.7758760000002,924.5338086138332
14.94,44.05033058841582,23.52768999999999,29.98616812129197
31.96,17.458464887348327,61.39840666666665,55.925827398311284
131.136,261.36768863512407,202.4468883333333,222.15458242344957
264.18,238.14319153226688,85.22246000000001,63.582419671122224
34.384,90.46761167590512,148.37108499999988,129.62762047040482
44.46,23.915055738283172,54.05570833333327,56.26226578649913
50.12,40.6511093377967,23.58576833333334,36.64463301677921
44.67,86.7391015414637,70.07858999999999,69.55620798812011
177.2,171.9295925651095,148.51330666666672,82.83108188341366
3.36,-54.81162315468782,13.008103333333324,18.45214597588132
75.84,173.43406172473033,109.17776999999984,104.7272734876184
1704.56,801.3621118854649,2034.9785099999979,1435.7040218704672
71.88,0.7317114162924554,32.68321999999995,30.532513890634267
299.97,550.4303700460273,442.2330960000007,444.5979801432741
30.0,152.54338066978517,119.41913999999976,123.55523335206416
46.2,85.52470991954351,36.256740000000015,56.90377944758217
46.672,62.40350442423369,77.86929133333335,84.8194183655235
21.392,-46.62736906192231,15.990626666666664,31.737395577013782
8.96,49.21249288212721,75.5054666666666,70.92742429471674
87.92,49.3242628594212,27.43675000000001,35.45935019084645
7.312,61.53720559184603,21.968601809523804,80.66037836272038
87.4,314.4578052902757,257.90483999999924,346.7509434607428
12.39,-11.66506398885258,76.43313750000014,29.47135727927084
11.07,17.600443338781588,91.36896999999998,29.98616812129197
37.392,192.60658136474194,121.52171249999999,142.9512542499821
13.9,152.35344140592906,43.05596999999999,56.7745230818869
114.2,124.02732002301764,42.96515999999985,82.46130090039516
833.94,541.997103362879,594.0107600000003,526.2994120380728
438.368,336.09087793415665,407.9386879999995,436.29396854093096
9.324,167.95799045601552,297.91742999999974,293.41076879697846
95.984,281.52318190743244,147.0852899999999,222.19220409374387
27.96,268.47560321530045,286.38147999999956,322.12258706409074
158.28,227.5246132560742,109.1149566666666,82.07312182422322
37.056,118.66453254804583,267.2301433333332,134.06410686169744
14.4,121.82165723000344,55.56181999999996,62.080471563731365
52.68,281.4913837463132,257.1231600000001,269.79962278227566
312.552,445.72929408212804,236.6838433333334,159.94683216218772
40.48,56.799228377544296,77.09498333333306,58.22207005751168
143.7,21.602006802387223,89.47689333333325,54.43446566568608
32.4,149.94127914895853,108.22984958333342,83.96315347395338
19.68,157.84019549614777,107.17835999999996,63.02361313740039
24.672,116.21718964925913,257.5897122222224,205.76177189760455
5.984,59.13051973760503,58.32234133333343,82.7403670335268
68.472,153.32595786744423,552.5433300000003,222.13621859968035
79.92,663.5444094713403,645.448015,828.2267830767104
31.12,109.58184709606303,90.35961999999998,58.02211656570256
333.576,293.5608407504178,474.2718449999996,334.89321435567433
319.76,642.3274615662631,498.0041899999996,570.0391172251268
40.0,79.79501380433476,63.633875714285786,82.83074148060825
42.76,-32.03200690190488,20.930010000000003,18.54013775389293
166.72,208.67095856997548,99.29124500000003,109.49801896707912
31.44,224.70202587034146,194.12019249999992,228.1321067197358
31.4,238.82206157564588,126.28223369047626,146.6509533992244
16.4,103.59698295805038,47.016874999999985,57.31738228416777
371.976,1286.3993570149496,534.4050500000003,585.9453901161235
715.64,225.98100473111435,143.86168333333316,164.4096453696172
20.8,96.42994643057773,53.75911000000006,69.23101717409472
231.72,128.62420165131562,80.28378000000004,63.563262986158634
454.272,705.1155519309618,1030.1395299999997,914.8721681018247
8.64,47.2173449159277,40.25021750000006,29.54754121559353
11.52,287.80689848862403,217.00584851190482,190.25475026972913
11.568,152.66015063261966,161.933694,135.15783304303883
101.96,203.55018501787572,56.18768000000014,98.50558252081522
2453.43,546.8353986288303,485.7903866666655,609.5599608936423
254.744,146.765077657476,114.70273000000002,122.33009830302888
19.6,63.25715252538339,22.139020000000027,40.54461726681823
14.352,-32.8881616560393,74.75976000000013,52.297643590973784
493.92,805.9272103727749,1087.0134010000024,921.2573902080002
7.312,5.031330985731984,115.50947000000001,100.37662306441769
200.984,215.3982326066798,125.67332500000019,76.6365895782188
3.44,-79.51897573197539,14.642470000000019,18.474025208878448
180.96,418.6493534796814,374.6482899999997,480.14598185317953
206.1,487.1069303506574,298.2388599999995,435.49869407561704
274.89,607.9777687250016,699.5025700000009,611.186689449293
38.88,176.04974238697105,73.63887833333324,80.8340033532644
579.95,478.8997733692504,697.9711000000003,489.5656149219778
7.68,71.16970466109433,303.4656149999999,387.97560263593203
99.98,136.37078160869487,261.2025533333336,173.43806792036673
9.096,28.69152611214804,84.15296333333333,73.77578367314999
143.73,541.412431158366,731.7774000000013,628.22317625942
15.552,-20.79060479583677,77.33005999999989,46.534789103573424
107.44,533.178028103006,717.2348300000007,657.0833993063363
81.08,283.3607533165291,267.04559000000006,255.90941124989567
11.67,259.0558491480974,95.40241199999998,202.14456566266216
84.98,420.00577122818595,130.18516599999992,133.45152611276734
195.136,489.0349585413155,823.4519599999985,573.003376206691
8.92,169.61541636019865,158.2315607142855,142.60860853791723
284.364,501.0874087049024,436.59939800000114,269.7513522131323
13.36,119.84023892810728,182.60482,193.41731642503365
46.2,74.32736807021183,30.654788333333354,35.37254396793624
5.68,-23.512092489417682,25.85041000000002,18.47189873441817
23.68,53.00707485534076,155.78649333333314,58.78580155156714
1.234,-146.72811278410336,9.122030000000004,18.044147200490585
89.97,204.95925700961152,223.72865250000024,163.5462891616198
113.328,337.57074272000864,240.54873000000003,103.76347413648473
158.376,329.24244994357014,216.60649200000012,266.92653159891006
56.82,237.84674686054768,310.3535750000003,332.7297282697307
18.54,-2.7301577474754595,19.701809999999956,24.845770946934923
29.6,77.89762432886073,49.40343333333336,61.45770504783158
6.36,171.8099167274745,61.28663999999995,109.48876940787312
17.12,-38.14216315509384,71.6058899999999,25.51911363072612
586.398,625.6664301059059,1077.3621779999994,936.7501378499111
824.95,499.9671714170868,353.8345999999996,462.8558134388516
11.424,42.46563575381242,24.107710000000043,88.8681083526261
10.86,-37.25318764862186,12.73097166666667,24.86218205262771
43.176,332.53434797366754,885.3247800000007,222.5241803707378
18.368,-111.92908428431747,4.135289999999995,18.017484086109057
112.776,104.86774623229758,224.97821999999994,285.54040945758874
49.98,116.6811533443315,71.39864999999992,116.88835528910832
152.94,250.99148489079425,118.2055800000002,215.5855382536029
181.35,316.654966578742,129.41736000000003,84.99904757343404
755.96,436.62489500855645,552.1886400000001,576.0924927640626
21.8,326.51480632250195,223.2701735714288,250.13436333966743
629.95,490.69267246836625,730.1658499999998,521.3391138095502
175.23,649.2943469136417,603.3838500000005,569.108598310007
58.2,76.3756336234901,91.82190857142858,77.95814075042951
103.481,495.92074087069886,139.77356450000013,145.40399788299842
435.84,655.6250748343277,698.849590000001,639.4481281525036
110.4,78.31644383308367,76.33590000000002,89.92375304987725
24.96,8.507071957960306,88.4405039999999,75.09294088171431
151.192,226.540099491217,83.3527666666666,82.66105939750483
657.93,539.5910083945396,992.5912266666663,721.9905075287915
190.848,41.579271596020135,114.02915750000007,107.64492301882755
41.568,95.28979027739206,246.48747999999964,165.86763920684126
314.532,506.77166295311827,333.5127500000002,292.1270279369262
40.68,172.78625476846173,83.74346000000018,146.1387819768301
53.316,496.13584177619305,347.713142,272.3393110517949
9.82,-39.19517916021505,20.010309999999976,18.7146953002201
569.536,238.24464745495106,296.1625850000005,261.7101451728429
1421.664,817.1421746436008,1055.0397139999995,1021.1694313555859
3.168,-35.53358762742755,6.369284999999999,22.505453049558692
199.98,124.04398983462852,84.33966999999983,107.67231491996421
15.48,-48.52178797732904,42.95468999999994,45.96179733155788
57.594,149.31521569501228,185.7452220000002,117.77606796609476
627.168,336.77407980291173,426.6660800000002,540.3310369421213
11.232,118.18172201142988,162.80931628571435,100.34915147602574
51.968,-7.8633801601790765,59.42255333333327,54.79204932055993
4416.174,757.3055290109046,717.0651025000001,803.7916344259211
163.88,433.27139413673285,455.2907869999996,455.59711484541856
129.45,276.3401983880167,227.12967666666628,343.5801590411088
10.272,8.070552015385147,53.48855749999997,47.12013589945669
20.736,27.786202886268256,96.27332571428575,59.37932933875669
207.0,458.91574145503773,301.8511799999994,372.1024147519419
14.94,50.324465643767326,27.85038249999997,53.06555645311514
44.82,362.4405615551923,111.81984000000007,110.5838260465251
296.37,262.9535444161047,455.5853499999996,365.9285545366953
13.36,-34.953353254478316,31.080579999999994,24.781389257871133
821.88,285.92480762968717,102.90024583333332,106.38733301910086
7.77,121.6965571510932,87.11186999999984,86.71655941181501
34.86,265.2217519267124,112.13702000000005,98.20099020260304
55.44,384.34528685106216,125.59180000000013,96.77954655745812
47.584,156.4592438586942,106.72259999999994,111.66506338539965
162.64,206.68452789103276,75.26946000000007,111.00857677960921
371.97,207.3310533305671,250.66225999999997,226.56750702224366
273.552,460.1216253032226,426.01957499999946,385.7622964263239
102.336,370.90829138482013,264.5036900000003,339.02419205043225
43.68,382.6437284488029,406.9724233333332,177.13732872466412
10.65,-40.80218785456691,9.744310000000022,28.518420597442706
231.98,334.1458454939411,168.54821999999976,239.14845087541443
25.92,67.53874011823427,36.62805464285714,61.56674219270233
225.296,381.6580783919758,327.9670933333334,264.8716839614273
14.91,132.26209507336534,146.58851749999997,121.10821027253313
83.56,320.031385921553,719.5424574999997,523.0094741710706
239.456,412.29964452421336,247.6428699999998,366.97532670987806
46.864,75.31581240540709,121.63681266666661,108.56286079176442
1.964,-90.92801678822889,13.69756499999997,16.64624778609596
19.824,283.9087097971278,271.6149116666664,186.23894440608166
47.9,-97.71522718136384,28.61402428571423,22.838112187488065
47.18,284.71872036435707,76.48506833333325,94.80834417162089
5.184,-106.10730986763701,8.138210000000013,22.481497331590223
4.158,161.8873233218428,412.6441425000002,155.91731129939907
11.12,87.27626769740209,42.89096333333336,35.72511379026869
116.82,260.01959287508726,64.46623250000005,147.78254242748662
2807.84,817.5688463691936,1028.086305000001,1071.8426054619122
5.18,66.53494614149895,286.3132899999997,400.87817953105036
333.09,268.9699721955094,155.12782249999995,187.19591483472078
50.352,215.5376065813498,355.5982131428571,318.91399794667853
9.12,0.06022429210725022,12.342339999999997,29.161469440286044
170.072,501.03698503425085,771.6415299999996,573.3925662522186
27.92,125.62998240571096,65.25880000000005,74.15849612148529
14.976,281.1137517417437,53.40319499999993,164.97471456712964
837.6,1278.91985705246,813.7017049999995,905.9744823388178
35.216,-105.21852928860926,6.734833333333342,18.397561630664303
962.08,241.13404391320682,180.6432800000002,174.38481923685202
911.984,230.12027296514134,217.74095000000008,220.49574967767222
16.74,76.0238435562369,116.14391999999965,77.25105605051719
422.058,433.7095135910481,428.03094199999964,388.0014140892878
17.12,98.57116099576933,69.57351500000003,35.55966357491781
302.67,556.3685332433593,342.26059100000043,453.2988411892509
79.984,101.1094064955546,67.52490000000003,70.84390579569539
3.912,-150.03815605768114,12.866649999999982,16.37141357930234
113.82,20.007850753058847,76.9741914285715,54.14797333266912
7.8,-12.620597487804389,36.444467500000016,29.532881835429265
290.336,146.86831013460142,151.19789000000011,109.44631046577007
22.58,208.33157375220162,131.2105066666666,111.291572782325
51.75,100.41257399660753,45.97054333333331,62.60414765376809
377.97,404.1969111330982,366.78981000000016,289.6100690505182
386.68,378.11449290008386,160.84337199999965,248.48582299367123
236.5,601.535861577674,418.4722799999997,428.4260572573032
85.96,248.97719093881005,161.42423000000014,99.97766028826611
431.928,480.3449976891375,577.4921200000005,555.1081170738127
199.95,316.3643859065701,190.11974999999956,360.3220886265961
50.4,311.63584647013886,116.93172000000003,84.20976777236105
38.28,394.0944117993522,199.83853666666684,160.9504610747279
247.716,300.1761515179455,277.6765250000002,292.93755147151904
427.42,578.3498739369988,145.98603000000023,584.1695849243993
19.968,-103.76445149475421,8.137814999999991,17.48557612363845
4.624,-121.21466639861046,33.493910000000035,22.296736193605817
39.88,23.004101890533548,105.37149999999991,65.70214270000679
42.784,214.14395913680437,91.44325,90.96862206717903
29.22,77.69275244109576,118.16397000000002,80.26347678512506
49.792,159.80857197066416,179.17065000000002,91.81426349039019
159.768,330.39528520841213,153.43909499999984,159.35973633062005
192.16,79.0142515489033,97.43489999999996,63.68968050034642
1537.074,757.7117939133609,1021.5511329999998,923.189417517266
3.64,-23.195184147704367,12.017053333333347,18.45214597588132
467.04,358.097835492018,334.6112599999994,418.0451866857113
459.92,622.6601231652107,1031.812842000001,750.6972519576265
15.7,119.65510275027827,64.4582174999999,79.48255065368186
63.882,392.6289174665876,134.50872000000015,134.51130997471074
11.96,-38.297953207275896,46.21149999999991,24.943527146515567
542.94,268.14689979384593,222.52588,248.25658429201079
15.54,19.708237112676215,36.098614999999924,52.84162765906532
54.32,283.0837160848064,201.06555249999977,218.74038776726385
43.188,27.758649175725623,30.809095333333307,90.92183208688071
19.98,10.134637844756526,20.456843333333314,21.983488219098934
21.48,149.2453337412153,21.414880000000036,41.2498665553847
492.835,542.7253512676971,687.9228924999987,657.6047247044934
181.47,387.91283758600366,852.3559573333339,623.12312019315
3.424,-133.75799912332695,20.049923333333368,22.44377578440805
4.24,73.20989679026934,72.292934,140.31273704388616
8.85,73.25938224102083,230.17252800000014,247.60574298135631
60.144,139.73525100328607,49.19788999999994,61.246184747609334
69.52,173.19700344566445,243.21396999999982,218.85971607175975
160.98,455.13798993066393,107.29913249999987,120.35811677967047
9.728,57.49649257828605,71.78662133333326,93.82980120429139
119.616,390.040433055673,226.24262000000013,157.51049835656437
6.928,-148.43410187023437,9.172205000000009,23.021551593568766
23.344,42.271352475511776,68.70820500000004,69.46751533034241
13.128,152.16004539467303,134.80301399999985,119.38324172161134
9.664,-75.04593026053499,20.447825,24.397226458478304
14.952,-69.14738106009463,3.4664649999999866,20.6012707924892
241.96,516.310513675171,273.7448129999999,282.80726372088
1379.92,1656.6042164423434,4139.70242500001,4187.444196833693
159.8,285.1513206279001,144.61860999999993,244.59281981631594
79.92,102.38244865749948,99.33297999999992,82.18740979086789
34.36,224.17829081194122,111.01699000000004,104.05957156442024
19.936,170.09749311331052,54.68458152380955,90.71286249573855
106.08,315.72945534875316,568.1359600000003,323.9514933714933
10.688,-78.16297843236225,25.255440000000007,24.53676480544017
20.46,135.8532509991487,18.699920000000077,77.83792696995995
6.12,33.40822263426435,62.73696999999999,53.605268922054194
4.554,-23.661947056198187,20.528620000000018,29.47822740406772
48.4,127.72864821880376,120.29017,86.42421425860401
153.552,118.18172201142988,162.80931628571435,100.34915147602574
37.94,-5.002931958211775,79.89017999999969,24.764425853047058
34.24,77.0633160478701,88.47600000000004,64.30384127367216
319.96,264.4263897353694,177.08318999999986,255.0925543661816
35.92,169.81590795776174,90.40453000000005,108.2942368939001
12.42,78.2866980145318,131.59834833333326,89.84658141028991
15.224,-42.42085378606089,23.104744666666733,61.78940783154715
164.688,311.82382060832515,103.54359000000004,169.76252142666675
45.584,364.46271716225647,307.42696666666654,234.12060891062006
31.56,68.89635582060282,85.96084000000012,84.01567398057814
6.192,-49.0914128083009,19.082770000000007,29.08541228886033
36.0,116.85941987257411,366.5397066666669,139.59234043952466
10.16,-58.54280277542284,16.732839999999968,16.471753570117876
71.96,-23.195184147704367,12.017053333333347,18.45214597588132
139.04,287.981621828706,452.8529399999994,414.4381984094535
62.808,-9.090109294536887,53.670809999999975,50.4969251265435
67.8,447.6952049120082,200.16303000000013,111.90807370041492
131.6,390.6739967858398,318.1787300000003,393.61159563809315
159.56,262.25127235372383,374.44255999999996,335.5609066870327
84.95,499.3506494349908,342.34062999999975,422.0956183575345
21.864,-25.05329325503635,18.592253333333325,29.149324073619688
41.22,284.77505539913045,152.9872550000005,110.92415331025859
32.4,151.54824612486937,67.81652999999984,80.97605374393812
87.6,163.70260864846023,52.35297083333328,81.47352591567096
1951.84,818.6360884039077,1284.7659100000003,1251.5865735129178
37.056,193.57942171148397,45.97056999999998,145.30435692478343
34.44,48.90069556408889,118.48011999999972,54.36126768534186
8.288,49.6064660981956,28.532018000000054,103.94478574549406
62.28,116.28453745299885,77.34416000000002,59.598310838130935
36.792,219.06082168832972,55.792801333333365,80.52085611644561
186.048,532.7989972402966,670.9367733333326,620.2659788749605
104.85,-91.87515831252495,19.315020000000025,23.416782124699488
339.136,90.88235060725265,73.55884,76.45265478656694
704.25,363.061528343238,620.1697499999996,559.3981836733208
34.944,307.4343086342542,219.30467833333336,204.50370547863847
6.48,-86.49016603252858,19.022118333333363,22.96879888622699
167.96,12.492619964010373,43.386170000000035,30.81132304152534
479.984,2303.945679804433,978.4333299999994,1031.3713882142854
1119.984,2276.9688297524353,795.5151733333313,955.4109990714285
1395.54,580.0976771934147,892.772391666667,711.9710285660763
102.438,502.6944622229498,98.10114550000002,132.48799992320056
128.85,386.26693829595115,324.8415200000008,302.87382196587663
342.37,254.92929043561435,153.39506999999995,96.59840200168037
15.008,135.5339216340235,207.7116833333334,110.15608879332484
242.352,546.4109517336242,465.9203849999991,665.745405708882
2.469,-138.81275903368078,19.253840999999998,22.471670701547385
27.52,122.55421876295077,55.846461666666656,62.978683799669994
393.25,370.57221301447726,236.13893666666684,284.87787936346564
20.736,39.58323093443778,42.63780095238093,58.0914827218587
8.72,275.4222074186114,611.5423899999998,477.5438292586342
20.88,264.4168760622251,323.5613799999994,109.62884949963518
879.984,2270.6058570773876,679.7835999999985,764.3402852619042
9.96,-65.83699550309575,19.231565000000035,18.663312724665392
79.1,318.21819284775256,367.18309000000016,260.964043619036
80.96,128.84079521604417,107.5104299999998,110.46424434141232
21.594,-97.82996879148322,21.772745000000057,25.265619540978573
55.5,171.56297628634547,255.68169000000006,181.36127934133458
12.222,181.1809227110689,37.40753000000004,105.07960324552857
121.792,243.63021899428122,218.5075949999996,230.14199027971634
19.44,18.801866972274183,56.7520625,53.232433126344006
12.624,-123.6543725652773,14.532579999999996,17.888354597467185
12.588,-36.35060120708749,3.812473999999996,17.672618153229656
1000.02,443.3229166271085,546.6507399999995,579.31141545045
9.96,-59.478953196037764,7.868820000000013,18.663312724665392
30.345,1361.743873808406,2532.9947799999936,2310.6325072929326
979.95,484.7896010571594,328.42422999999945,439.77425403433006
21.456,243.96941698822502,45.47884999999994,64.04997847619671
1123.128,612.1732986901684,1187.446980000002,1017.2547254623737
344.372,504.80534478885875,306.9917479999997,479.773438837289
9.82,-21.133494382183926,17.583436666666664,19.133827980185924
111.96,234.79659092084967,266.48508999999984,306.7368366732421
180.96,282.7799696504835,54.06693714285721,155.5657140786531
675.06,257.52341779401377,388.4576135714285,266.9889034652388
12.6,-64.3859650419854,11.342108333333336,18.663312724665392
348.208,409.39730447328384,835.9843800000003,754.7042653653647
98.21,477.8954319790073,536.4130650000002,574.3014397343602
46.35,159.86766893979348,76.23648666666656,82.37880203520575
2.78,-110.27283246757042,7.534099999999992,16.697447946929447
16.68,336.10059748857384,387.4398280000003,289.8856452311989
479.988,1206.364606835683,900.7720749999996,848.8143948585571
352.45,494.21636610026917,628.9462479999994,600.345411170118
